time,phi,u_4
0,1.217465717,0.2
0.050070047,1.218105925,0.199999829
0.10002017,1.219060047,0.199999315
0.15004015,1.219698728,0.199998458
0.20017004,1.220335309,0.199997258
0.250360012,1.221724832,0.199995716
0.300060034,1.222339565,0.199993832
0.349920034,1.222908949,0.199991604
0.400030136,1.22345683,0.199989034
0.450070143,1.224215977,0.199986121
0.499910116,1.224753807,0.199982866
0.550110102,1.225857218,0.199979267
0.600130081,1.226519842,0.199975326
0.650010109,1.227021972,0.199971043
0.699939966,1.227450843,0.199966417
0.750030041,1.227868755,0.199961448
0.800140142,1.228447961,0.199956137
0.850470066,1.229109473,0.199950483
0.899990082,1.229356965,0.199944486
0.950040102,1.229753053,0.199938147
1.000149965,1.229928732,0.199931465
1.050310135,1.230184551,0.199924441
1.100120068,1.230282963,0.199917074
1.150150061,1.230608316,0.199909364
1.199990034,1.230844375,0.199901312
1.250080109,1.230982875,0.199892917
1.300040007,1.231164783,0.19988418
1.350080013,1.231357237,0.199875101
1.399970055,1.231550473,0.199865679
1.450270176,1.231823254,0.199855914
1.500010014,1.23185326,0.199845807
1.550369978,1.231871457,0.199835358
1.599990129,1.231971727,0.199824566
1.650050163,1.231980192,0.199813432
1.700010061,1.232078377,0.199801955
1.750050068,1.232149853,0.199790136
1.800029993,1.232341656,0.199777975
1.850030184,1.232525119,0.199765471
1.900000095,1.232706522,0.199752626
1.950100183,1.232952674,0.199739437
2.000030041,1.233160538,0.199725907
2.050170183,1.233522403,0.199712034
2.100010157,1.23404236,0.199697819
2.150050163,1.234355918,0.199683262
2.199990034,1.234552409,0.199668363
2.250270128,1.234859474,0.199653122
2.300009966,1.234995185,0.199637539
2.350120068,1.235231415,0.199621613
2.400740147,1.235694225,0.199605346
2.450010061,1.235924261,0.199588736
2.5,1.236200267,0.199571785
2.550040007,1.236366838,0.199554491
2.599940062,1.236543736,0.199536856
2.650060177,1.236647554,0.199518878
2.699970007,1.237031441,0.199500559
2.749950171,1.237247129,0.199481898
2.799990177,1.237467095,0.199462895
2.849950075,1.237620641,0.199443551
2.899940014,1.237823818,0.199423865
2.950060129,1.238015618,0.199403836
2.999979973,1.238199314,0.199383467
3.050060034,1.238342291,0.199362755
3.099980116,1.238399315,0.199341702
3.150020123,1.238478088,0.199320308
3.19990015,1.238557885,0.199298572
3.249979973,1.238644593,0.199276494
3.299940109,1.238681378,0.199254075
3.349980116,1.2387035,0.199231315
3.399960041,1.238674617,0.199208213
3.449990034,1.238679066,0.19918477
3.499910116,1.238655791,0.199160986
3.550029993,1.238715985,0.19913686
3.599960089,1.238727726,0.199112393
3.650050163,1.238809532,0.199087585
3.699910164,1.238926664,0.199062436
3.749970198,1.238977153,0.199036945
3.799960136,1.239000551,0.199011114
3.849980116,1.238972123,0.198984942
3.900000095,1.238979407,0.198958428
3.950240135,1.238803226,0.198931574
3.999940157,1.238626901,0.198904379
4.050040007,1.238508014,0.198876843
4.099980116,1.238359576,0.198848967
4.150010109,1.238146745,0.198820749
4.199959993,1.238040324,0.198792191
4.250010014,1.237842171,0.198763292
4.299940109,1.237771793,0.198734053
4.350059986,1.237575908,0.198704473
4.400010109,1.237476526,0.198674553
4.45009017,1.237386946,0.198644292
4.5,1.237257866,0.198613691
4.550080061,1.236937927,0.19858275
4.599980116,1.236804624,0.198551468
4.650020123,1.236554525,0.198519847
4.699980021,1.236294125,0.198487885
4.750010014,1.236112093,0.198455582
4.79997015,1.235905733,0.19842294
4.850049973,1.235495236,0.198389958
4.900030136,1.235063563,0.198356636
4.950010061,1.234877129,0.198322974
5,1.234627981,0.198288972
5.050029993,1.234237185,0.198254631
5.099980116,1.234034138,0.198219949
5.15004015,1.233756711,0.198184929
5.199959993,1.233066081,0.198149568
5.250010014,1.232738287,0.198113868
5.300000191,1.232296382,0.198077829
5.350000143,1.231947588,0.19804145
5.399990082,1.231314674,0.198004732
5.450050116,1.230890434,0.197967674
5.500080109,1.229924492,0.197930277
5.550070047,1.229207579,0.197892542
5.599960089,1.228550392,0.197854467
5.650000095,1.228019096,0.197816053
5.699990034,1.227385888,0.1977773
5.750030041,1.226851101,0.197738208
5.800000191,1.225517239,0.197698777
5.850260019,1.224839018,0.197659008
5.900010109,1.22426599,0.1976189
5.950270176,1.223390672,0.197578453
6.000010014,1.22280262,0.197537668
6.050280094,1.222040601,0.197496544
6.099980116,1.220318222,0.197455082
6.150020123,1.219514483,0.197413282
6.200000048,1.21864901,0.197371143
6.250360012,1.217750674,0.197328666
6.299980164,1.216186758,0.197285851
6.350399971,1.215113394,0.197242698
6.400000095,1.213492056,0.197199207
6.450070143,1.211469445,0.197155379
6.499960184,1.210206461,0.197111212
6.550330162,1.208910611,0.197066707
6.599950075,1.207518586,0.197021865
6.650010109,1.205785544,0.196976686
6.700210094,1.204343079,0.196931168
6.750490189,1.201369935,0.196885314
6.800110102,1.19950216,0.196839122
6.850460052,1.197978414,0.196792592
6.900110006,1.196455326,0.196745726
6.950060129,1.194849036,0.196698522
6.999970198,1.19239899,0.196650982
7.050379992,1.18925027,0.196603104
7.099940062,1.187637043,0.196554889
7.150030136,1.18596819,0.196506338
7.200030088,1.183899106,0.19645745
7.250030041,1.182142134,0.196408226
7.300110102,1.180301516,0.196358664
7.351000071,1.176272944,0.196308767
7.400250196,1.174492898,0.196258533
7.450020075,1.17277207,0.196207963
7.499979973,1.170993225,0.196157056
7.550060034,1.168887555,0.196105814
7.599980116,1.167162241,0.196054235
7.650140047,1.163810246,0.19600232
7.700270176,1.16138035,0.19595007
7.750080109,1.159728382,0.195897484
7.800019979,1.158113669,0.195844562
7.85002017,1.156416598,0.195791305
7.90004015,1.154368876,0.195737712
7.950119972,1.151814053,0.195683784
8.000240088,1.149180465,0.19562952
8.05005002,1.146930888,0.195574921
8.100250006,1.145179195,0.195519988
8.15004015,1.143334348,0.195464719
8.200260162,1.141547012,0.195409115
8.250030041,1.138413545,0.195353176
8.30005002,1.135669924,0.195296903
8.350010157,1.133921932,0.195240295
8.400150061,1.131155577,0.195183352
8.450210094,1.129411272,0.195126075
8.500250101,1.127577408,0.195068464
8.550250053,1.125840739,0.195010519
8.60002017,1.121850586,0.194952239
8.650190115,1.119960874,0.194893625
8.700289965,1.118311547,0.194834677
8.750270128,1.116581068,0.194775396
8.800189972,1.114429342,0.194715781
8.85010004,1.11261475,0.194655832
8.900230169,1.109077684,0.194595549
8.950500011,1.106806437,0.194534933
9.000030041,1.105004321,0.194473984
9.050130129,1.103104466,0.194412702
9.100059986,1.101192614,0.194351086
9.150220156,1.098270079,0.194289137
9.200860023,1.094323615,0.194226856
9.250100136,1.092355606,0.194164242
9.300120115,1.089863908,0.194101295
9.350110054,1.087846738,0.194038015
9.400170088,1.08577976,0.193974403
9.450139999,1.083822595,0.193910459
9.500310183,1.079273713,0.193846182
9.550130129,1.077231002,0.193781573
9.600090027,1.0752041,0.193716632
9.650099993,1.072556906,0.193651359
9.70009017,1.070549043,0.193585755
9.750100136,1.068530099,0.193519818
9.800110102,1.065420502,0.193453551
9.850090027,1.061370775,0.193386951
9.900150061,1.059300932,0.19332002
9.950070143,1.057247822,0.193252758
10.00015998,1.054712763,0.193185165
10.05012012,1.052628292,0.193117241
10.10015011,1.049008907,0.193048986
10.15042996,1.046333652,0.1929804
10.20012999,1.043680147,0.192911484
10.25010014,1.041544661,0.192842237
10.30036998,1.03933456,0.192772659
10.35038018,1.037273211,0.192702751
10.40012002,1.034579576,0.192632513
10.45009017,1.030369947,0.192561945
10.50015998,1.028324868,0.192491047
10.55018997,1.025149242,0.192419819
10.60013008,1.02309646,0.192348262
10.65013003,1.021070255,0.192276375
10.70012999,1.019098145,0.192204158
10.75076008,1.01429728,0.192131612
10.80016017,1.012159224,0.192058737
10.85012007,1.01000957,0.191985533
10.90009999,1.007235167,0.191912
10.95010018,1.005060755,0.191838138
11.00012016,1.002815146,0.191763947
11.05035996,0.997886104,0.191689428
11.10011005,0.995684576,0.19161458
11.15012002,0.993482105,0.191539404
11.2001102,0.991276248,0.1914639
11.25019002,0.987913124,0.191388067
11.30014014,0.98566187,0.191311907
11.35016012,0.981004672,0.191235419
11.40007997,0.978679934,0.191158603
11.45012999,0.975773092,0.19108146
11.50014019,0.973437787,0.191003989
11.55019999,0.971121634,0.190926191
11.60009003,0.968825256,0.190848066
11.65005016,0.964721221,0.190769614
11.7000401,0.96136194,0.190690834
11.75002003,0.959143821,0.190611729
11.80000019,0.956408636,0.190532296
11.84999013,0.954211017,0.190452537
11.89999008,0.952102899,0.190372452
11.95006013,0.949990727,0.190292041
12.0000701,0.944727513,0.190211303
12.05036998,0.942707095,0.19013024
12.10028005,0.940730607,0.190048851
12.15007019,0.938282168,0.189967136
12.20030999,0.936300486,0.189885096
12.25013018,0.934374983,0.18980273
12.30084014,0.930116549,0.189720039
12.35010004,0.928159079,0.189637023
12.40007997,0.926190381,0.189553682
12.45011997,0.924221904,0.189470016
12.50005007,0.921762843,0.189386026
12.55010009,0.919785674,0.189301711
12.60004997,0.915850155,0.189217072
12.65012002,0.912895014,0.189132108
12.70008016,0.910922049,0.189046821
12.75006008,0.909030462,0.188961209
12.80010009,0.906978912,0.188875274
12.85008001,0.905046579,0.188789015
12.90008998,0.900738873,0.188702433
12.95008016,0.898839352,0.188615527
13.00005007,0.896944816,0.188528298
13.0501101,0.894555313,0.188440746
13.10008001,0.892689109,0.188352871
13.15012002,0.890812151,0.188264674
13.20038009,0.887613233,0.188176154
13.25002003,0.884890505,0.188087311
13.29997015,0.8831816,0.187998146
13.35003018,0.881560666,0.187908659
13.40007019,0.879054344,0.18781885
13.45011997,0.877467008,0.18772872
13.50008011,0.875976125,0.187638267
13.55010009,0.872662969,0.187547493
13.60005999,0.871310138,0.187456398
13.65047002,0.869972967,0.187364981
13.70005012,0.86876221,0.187273244
13.75,0.867303102,0.187181185
13.80006003,0.866099122,0.187088806
13.85002017,0.863148343,0.186996106
13.90002012,0.861698397,0.186903086
13.95003009,0.86046668,0.186809746
14.00002003,0.859138185,0.186716085
14.05007005,0.857926101,0.186622105
14.10002017,0.856080211,0.186527805
14.15005016,0.853662708,0.186433185
14.19994998,0.852532035,0.186338246
14.25005007,0.851334804,0.186242987
14.30028009,0.849897183,0.186147409
14.35028005,0.848678235,0.186051513
14.4002502,0.847277179,0.185955297
14.4500401,0.84416969,0.185858763
14.50001001,0.842491698,0.185761911
14.55002999,0.841002353,0.18566474
14.60000014,0.839426408,0.185567251
14.65005016,0.837115025,0.185469444
14.70025015,0.835584459,0.185371319
14.74998999,0.833619012,0.185272877
14.80002999,0.830593856,0.185174117
14.84994006,0.828958847,0.18507504
14.89996004,0.827442719,0.184975646
14.94995999,0.825824473,0.184875934
15.00001001,0.823997524,0.184775907
15.05010009,0.822111328,0.184675562
15.10028005,0.819546267,0.184574901
15.15031004,0.817706927,0.184473924
15.20028996,0.816085474,0.18437263
15.24998999,0.814536266,0.184271021
15.30029011,0.812863433,0.184169096
15.35036016,0.810355736,0.184066855
15.40039015,0.807494373,0.183964299
15.45008016,0.805841877,0.183861428
15.50002003,0.803471576,0.183758242
15.55012012,0.801893943,0.183654741
15.60030007,0.800357899,0.183550925
15.65057015,0.798777033,0.183446795
15.70042014,0.795256005,0.18334235
15.75028014,0.793714494,0.183237591
15.80001998,0.792081908,0.183132519
15.8503902,0.790499021,0.183027132
15.90005016,0.788446626,0.182921432
15.9501102,0.786846212,0.182815418
16.00003004,0.783626393,0.182709092
16.05009007,0.781198163,0.182602452
16.10005999,0.779561538,0.182495499
16.15006018,0.777944272,0.182388233
16.20029998,0.776784935,0.182280655
16.25027013,0.774348249,0.182172765
16.30033016,0.771009302,0.182064562
16.35056019,0.76943406,0.181956048
16.40004015,0.767438545,0.181847222
16.45012999,0.76587017,0.181738084
16.50005007,0.764366149,0.181628635
16.55013013,0.762588709,0.181518874
16.6000402,0.759917453,0.181408803
16.64998007,0.757589379,0.181298421
16.70023012,0.75607885,0.181187728
16.75006008,0.754084947,0.181076724
16.80026007,0.75295559,0.18096541
16.85028005,0.751505721,0.180853787
16.90026999,0.750749159,0.180741853
16.95000005,0.747958253,0.18062961
16.99998999,0.746668822,0.180517057
17.05006003,0.7457733,0.180404195
17.0999701,0.744402843,0.180291023
17.15025997,0.743293004,0.180177543
17.19999003,0.742365967,0.180063754
17.25044012,0.740198957,0.179949657
17.29999018,0.73905442,0.179835251
17.35001016,0.738374718,0.179720537
17.40025997,0.737759061,0.179605515
17.45026016,0.736860705,0.179490186
17.50003004,0.735085438,0.179374548
17.55013013,0.732792513,0.179258604
17.59996009,0.731608334,0.179142352
17.65001011,0.73042954,0.179025793
17.69993997,0.729487648,0.178908928
17.75003004,0.728597823,0.178791756
17.80002999,0.727785428,0.178674278
17.85005999,0.725831863,0.178556493
17.89995003,0.725114551,0.178438403
17.9500401,0.724420583,0.178320007
18.00002003,0.723514988,0.178201305
18.05006003,0.722643364,0.178082298
18.10001016,0.721659127,0.177962986
18.15016007,0.720572897,0.177843368
18.20001006,0.719026273,0.177723447
18.2502501,0.718486002,0.17760322
18.29996014,0.71798288,0.177482689
18.35057998,0.716585042,0.177361855
18.40003014,0.715859475,0.177240716
18.45003009,0.715437254,0.177119273
18.50001001,0.713735493,0.176997527
18.55002999,0.713070043,0.176875478
18.60000014,0.712432114,0.176753126
18.6500001,0.711692442,0.176630471
18.70000005,0.710528737,0.176507513
18.75005007,0.709684359,0.176384253
18.79994011,0.708428081,0.17626069
18.85002017,0.707307457,0.176136826
18.9001801,0.706330947,0.17601266
18.95024014,0.705822437,0.175888192
19.0002501,0.70529735,0.175763423
19.05028009,0.704331281,0.175638352
19.10084009,0.702176809,0.175512981
19.15026999,0.701501201,0.175387309
19.20024014,0.700970771,0.175261336
19.25023007,0.700121495,0.175135063
19.30035996,0.6990652,0.17500849
19.34999013,0.698217588,0.174881617
19.40004015,0.697354134,0.174754445
19.45001006,0.696803927,0.174626973
19.49997997,0.695828491,0.174499201
19.55007005,0.69516517,0.174371131
19.60056019,0.694124665,0.174242762
19.65021014,0.693462095,0.174114095
19.70014,0.691408875,0.173985129
19.75005007,0.690420927,0.173855865
19.80006003,0.689726615,0.173726303
19.85045004,0.688649719,0.173596443
19.90006018,0.687631692,0.173466286
19.95001006,0.686478488,0.173335832
20.00027013,0.685531748,0.173205081
20.05008006,0.68372672,0.173074033
20.10004997,0.682758733,0.172942688
20.15002012,0.68176141,0.172811047
20.20028019,0.680754059,0.17267911
20.24998999,0.679680633,0.172546877
20.30005002,0.678755255,0.172414349
20.35000014,0.676291159,0.172281525
20.40017009,0.675400969,0.172148405
20.4501102,0.674268469,0.172014991
20.50014019,0.67290324,0.171881282
20.55018997,0.671767728,0.171747279
20.60007,0.670421024,0.171612981
20.65005016,0.667661691,0.171478389
20.70002007,0.666353476,0.171343504
20.74998999,0.665172556,0.171208325
20.80033016,0.664035434,0.171072852
20.85002017,0.662277047,0.170937086
20.90003014,0.661108955,0.170801028
20.95002007,0.658491355,0.170664677
21.00029016,0.656696704,0.170528033
21.0501101,0.655363884,0.170391097
21.10010004,0.654159731,0.170253869
21.15015006,0.652820426,0.17011635
21.20010018,0.651251291,0.169978539
21.25016999,0.648635946,0.169840436
21.30009007,0.647263988,0.169702043
21.35001016,0.645761288,0.169563359
21.40004015,0.6443019,0.169424384
21.45006013,0.64297174,0.169285119
21.50003004,0.641634597,0.169145564
21.55025005,0.639248823,0.16900572
21.6000402,0.637154414,0.168865585
21.65003014,0.635795802,0.168725161
21.70003009,0.6342011,0.168584448
21.75021005,0.632124113,0.168443447
21.8001101,0.630651048,0.168302156
21.85015011,0.629197094,0.168160578
21.90020013,0.626133186,0.168018711
21.95022011,0.624713418,0.167876556
22.00008011,0.623290427,0.167734114
22.05001998,0.621969117,0.167591384
22.10004997,0.620243639,0.167448367
22.15006018,0.618853685,0.167305063
22.20027018,0.616155201,0.167161472
22.25002003,0.614450796,0.167017595
22.30005002,0.613071927,0.166873432
22.35029006,0.611615068,0.166728983
22.40026999,0.610146843,0.166584248
22.45003009,0.607948234,0.166439228
22.50065017,0.605004376,0.166293922
22.54999018,0.603572148,0.166148332
22.59993005,0.601622075,0.166002457
22.64995003,0.60016935,0.165856298
22.69993997,0.598679346,0.165709854
22.75029016,0.597193416,0.165563126
22.80007005,0.59388038,0.165416115
22.85027003,0.592432209,0.16526882
22.90005016,0.590952745,0.165121242
22.95000005,0.589138723,0.164973381
23,0.587688009,0.164825238
23.05008006,0.586288508,0.164676812
23.10023999,0.583510039,0.164528104
23.15007019,0.581297846,0.164379114
23.19994998,0.579835257,0.164229842
23.2499702,0.578404765,0.164080289
23.29998016,0.576925092,0.163930454
23.35000014,0.575132468,0.163780339
23.40002012,0.572173428,0.163629943
23.44999003,0.570703544,0.163479267
23.4999702,0.56886066,0.163328311
23.55000997,0.567412306,0.163177075
23.60027003,0.56596699,0.163025559
23.65006018,0.564557496,0.162873764
23.70027018,0.562819118,0.16272169
23.74997997,0.560015626,0.162569337
23.79995012,0.558669873,0.162416705
23.8499701,0.556637605,0.162263796
23.90001011,0.55528998,0.162110608
23.95001006,0.553943187,0.161957142
24.00002003,0.552561694,0.161803399
24.05074,0.549410975,0.161649378
24.10001016,0.548040342,0.161495081
24.15005016,0.546689323,0.161340507
24.20025015,0.544952436,0.161185656
24.2502501,0.543591609,0.16103053
24.30031013,0.542186414,0.160875127
24.35001016,0.539118508,0.160719449
24.40007997,0.53774023,0.160563495
24.45006013,0.536401023,0.160407266
24.50005007,0.535049408,0.160250763
24.55007005,0.533654491,0.160093984
24.6000402,0.53169535,0.159936932
24.65002012,0.528996749,0.159779605
24.69997001,0.527674879,0.159622005
24.7499702,0.526067138,0.159464131
24.79994011,0.524669707,0.159305984
24.85000014,0.523291207,0.159147563
24.90022016,0.521927968,0.158988871
24.95002007,0.519444509,0.158829905
24.99997997,0.517279683,0.158670668
25.0501101,0.515814688,0.158511159
25.10021019,0.513719556,0.158351378
25.15008998,0.512623365,0.158191326
25.20003009,0.511236346,0.158031002
25.25005007,0.50980216,0.157870408
25.29990005,0.50629317,0.157709544
25.35011005,0.504910791,0.157548409
25.40005016,0.503471541,0.157387004
25.45029998,0.501748282,0.15722533
25.50005007,0.500395578,0.157063386
25.55036998,0.499001677,0.156901173
25.60020018,0.495844325,0.156738691
25.65038013,0.494396261,0.156575941
25.70008016,0.493062555,0.156412922
25.75008011,0.491591375,0.156249636
25.80002999,0.48986075,0.156086081
25.85012007,0.488458158,0.15592226
25.90004015,0.485577496,0.155758171
25.95009017,0.483463268,0.155593815
26.00028014,0.482005844,0.155429192
26.0501101,0.480575297,0.155264303
26.10027003,0.479149444,0.155099149
26.15009999,0.477790756,0.154933728
26.20006013,0.47468365,0.154768042
26.2500701,0.473294066,0.154602091
26.30001998,0.471968355,0.154435874
26.35005999,0.470265086,0.154269394
26.40004015,0.468887878,0.154102649
26.45007014,0.467581968,0.153935639
26.50004005,0.464167887,0.153768366
26.55010009,0.46279537,0.15360083
26.60004997,0.461832047,0.15343303
26.65030003,0.460502782,0.153264968
26.70006013,0.458462318,0.153096643
26.7503202,0.457202544,0.152928055
26.80000019,0.455898452,0.152759206
26.85010004,0.452984963,0.152590094
26.90008998,0.451771571,0.152420722
26.95008016,0.45054994,0.152251088
27.00008011,0.449370513,0.152081193
27.05014014,0.447881727,0.151911038
27.10028005,0.44670499,0.151740622
27.15012002,0.444355932,0.151569946
27.20028996,0.44258522,0.151399011
27.25008011,0.441429659,0.151227816
27.30027008,0.440523722,0.151056362
27.35008001,0.439338889,0.15088465
27.40004015,0.437535858,0.150712678
27.45040011,0.435220432,0.150540449
27.50002003,0.43410466,0.150367961
27.5501101,0.433015537,0.150195216
27.60004997,0.431616939,0.150022214
27.65008998,0.430583687,0.149848954
27.70007014,0.429476048,0.149675438
27.7500701,0.427202369,0.149501665
27.80007005,0.426185953,0.149327636
27.85007,0.42519212,0.149153352
27.90004015,0.424155132,0.148978811
27.95007014,0.422741115,0.148804016
28.00005007,0.421735767,0.148628965
28.0501101,0.41980112,0.14845366
28.10004997,0.418581584,0.1482781
28.15008998,0.417704659,0.148102286
28.20005012,0.41675171,0.147926219
28.25008011,0.415823594,0.147749898
28.30005002,0.414724087,0.147573324
28.35010004,0.413821392,0.147396497
28.40005016,0.412078837,0.147219417
28.45011997,0.411014291,0.147042086
28.50004005,0.410167206,0.146864502
28.55009007,0.409308514,0.146686666
28.60005999,0.408463684,0.14650858
28.65006018,0.407265759,0.146330242
28.70005012,0.405639121,0.146151653
28.7500701,0.405023388,0.145972815
28.80001998,0.403745093,0.145793725
28.8500402,0.402933268,0.145614387
28.90002012,0.40212842,0.145434798
28.95003009,0.40134373,0.145254961
29.00021005,0.399557755,0.145074874
29.04992008,0.398760542,0.144894539
29.10000014,0.39799863,0.144713956
29.15004015,0.397229242,0.144533125
29.20003009,0.3962947,0.144352046
29.2500701,0.395539176,0.144170719
29.30018997,0.393895551,0.143989146
29.35015011,0.392708546,0.143807326
29.40016007,0.391936163,0.14362526
29.45011997,0.391073517,0.143442947
29.50027013,0.390232977,0.143260389
29.55026007,0.389169272,0.143077585
29.60012007,0.387433028,0.142894536
29.6502502,0.386545028,0.142711242
29.69989014,0.385505063,0.142527704
29.75010014,0.384584225,0.142343921
29.80014014,0.383659978,0.142159895
29.85005999,0.382762377,0.141975625
29.90008998,0.38158222,0.141791111
29.95005012,0.379698019,0.141606355
29.99979997,0.37865788,0.141421356
30.05002999,0.377214059,0.141236115
30.10003018,0.376189145,0.141050632
30.15004015,0.375195517,0.140864907
30.2001102,0.373957349,0.140678941
30.24981999,0.371978685,0.140492733
30.29995012,0.370960291,0.140306285
30.35030007,0.369911299,0.140119597
30.40006018,0.368889876,0.139932668
30.45007014,0.367658957,0.1397455
30.50021005,0.366616148,0.139558092
30.55000997,0.364656525,0.139370445
30.59999013,0.363374057,0.139182559
30.65001011,0.362327701,0.138994435
30.70022011,0.361329695,0.138806073
30.75001001,0.360271024,0.138617473
30.80006003,0.358708677,0.138428635
30.85050011,0.356671326,0.13823956
30.90006018,0.355698546,0.138050248
30.95005012,0.354423802,0.1378607
31.0000701,0.353415132,0.137670915
31.05041003,0.352384585,0.137480895
31.09994006,0.351420468,0.137290639
31.15031004,0.349237369,0.137100147
31.20002007,0.348261792,0.136909421
31.25024009,0.347221881,0.13671846
31.29997015,0.345916168,0.136527265
31.35021996,0.344851438,0.136335836
31.39997005,0.343848189,0.136144174
31.45002007,0.342270416,0.135952278
31.50002003,0.340123258,0.135760149
31.55008006,0.338994962,0.135567788
31.60013008,0.337904417,0.135375194
31.64995003,0.336568026,0.135182368
31.70007014,0.335481694,0.134989311
31.75066018,0.333914872,0.134796022
31.79999018,0.332296982,0.134602503
31.85003018,0.330980765,0.134408752
31.90032005,0.329863595,0.134214772
31.9500401,0.328733596,0.134020561
32.00002003,0.327689122,0.133826121
32.05014014,0.326392233,0.133631452
32.09998012,0.324338118,0.133436553
32.15002012,0.323341252,0.133241426
32.19993997,0.321792715,0.133046071
32.25002003,0.320786596,0.132850488
32.29997015,0.319750793,0.132654677
32.35007,0.318770977,0.132458638
32.39996004,0.316494819,0.132262373
32.44987011,0.315521458,0.132065881
32.50011015,0.314557562,0.131869163
32.54991007,0.313258453,0.131672219
32.60000014,0.312264468,0.131475049
32.65001011,0.311265056,0.131277654
32.69990015,0.3090952,0.131080034
32.7500701,0.308059027,0.13088219
32.80029011,0.307052616,0.130684121
32.85005999,0.306054639,0.130485828
32.90002012,0.304498576,0.130287312
32.95006013,0.303476057,0.130088572
33.00085998,0.301308889,0.12988961
33.04996014,0.300336583,0.129690425
33.10016012,0.299142281,0.129491017
33.15006018,0.298156603,0.129291388
33.20018005,0.297164996,0.129091538
33.25008011,0.296178712,0.128891466
33.29998016,0.294725226,0.128691173
33.35012007,0.292996474,0.12849066
33.40050006,0.292035219,0.128289926
33.44999003,0.290824709,0.128088973
33.50009012,0.289834941,0.1278878
33.55012012,0.288834511,0.127686409
33.60029006,0.287866894,0.127484798
33.64995003,0.285486824,0.127282969
33.7000401,0.284513257,0.127080922
33.75011015,0.283570434,0.126878657
33.80049014,0.282355706,0.126676175
33.85009003,0.281292775,0.126473475
33.90030003,0.280217869,0.126270559
33.95029998,0.277686497,0.126067427
33.99996018,0.276617415,0.125864078
34.05028009,0.275621389,0.125660514
34.0999701,0.274600328,0.125456735
34.14996004,0.273443176,0.12525274
34.20008016,0.272574361,0.125048531
34.25031018,0.270691605,0.124844108
34.30006003,0.269361902,0.124639471
34.34993005,0.268497525,0.12443462
34.40005016,0.267627077,0.124229556
34.45009017,0.266744759,0.124024279
34.5000701,0.265558803,0.12381879
34.55008006,0.263636763,0.123613088
34.60005999,0.262563593,0.123407175
34.65011001,0.261501701,0.12320105
34.70028019,0.260134256,0.122994714
34.7500701,0.259033652,0.122788168
34.80004001,0.258052875,0.122581411
34.85009003,0.255893915,0.122374444
34.90007019,0.254820617,0.122167267
34.95032001,0.253808746,0.121959881
35.00030017,0.252902296,0.121752286
35.05031013,0.251270988,0.121544482
35.10007,0.250396622,0.12133647
35.15030003,0.24936338,0.12112825
35.19993997,0.247340655,0.120919823
35.2502501,0.246453798,0.120711188
35.29991007,0.245595531,0.120502347
35.35026002,0.244639375,0.120293299
35.40005016,0.243521155,0.120084045
35.45055008,0.242735998,0.119874585
35.49996018,0.240964253,0.11966492
35.54995012,0.239684082,0.11945505
35.60033011,0.238667935,0.119244975
35.6501801,0.237609968,0.119034696
35.70005012,0.236602768,0.118824213
35.7500701,0.235194368,0.118613526
35.80015016,0.233333857,0.118402636
35.85003018,0.232483561,0.118191543
35.89997005,0.23132149,0.117980247
35.9500401,0.230352831,0.11776875
36.00022006,0.229488709,0.11755705
36.05053997,0.228553646,0.11734515
36.10021019,0.226719571,0.117133048
36.15002012,0.225945468,0.116920745
36.20003009,0.225176526,0.116708242
36.25004005,0.224501996,0.116495539
36.29998016,0.22347481,0.116282637
36.35025001,0.22266965,0.116069535
36.39997005,0.221114805,0.115856234
36.45007014,0.219955314,0.115642735
36.49997997,0.219210764,0.115429038
36.54997015,0.218480723,0.115215143
36.59998012,0.217642047,0.11500105
36.65006018,0.216537044,0.114786761
36.69994998,0.215696208,0.114572275
36.74992013,0.213937637,0.114357592
36.80022001,0.213075181,0.114142714
36.8499701,0.212276335,0.113927639
36.90002012,0.211541886,0.11371237
36.9500401,0.210751316,0.113496906
37.00020003,0.209524439,0.113281247
37.04998016,0.208097906,0.113065395
37.10022998,0.207320337,0.112849348
37.15024018,0.206144257,0.112633108
37.20030999,0.205512092,0.112416676
37.25029016,0.204961663,0.11220005
37.30025005,0.204286558,0.111983232
37.35043001,0.2031072,0.111766223
37.40031004,0.202456507,0.111549022
37.45028996,0.201819059,0.11133163
37.50001001,0.201219372,0.111114047
37.55029011,0.200491061,0.110896273
37.60000014,0.199938715,0.11067831
37.64994001,0.198751951,0.110460157
37.70032001,0.197867586,0.110241815
37.7499702,0.197155607,0.110023283
37.80029011,0.196535525,0.109804564
37.85010004,0.195820465,0.109585656
37.90026999,0.195131434,0.10936656
37.95014,0.193973915,0.109147277
38.00028014,0.193483376,0.108927807
38.05013013,0.192720858,0.10870815
38.10003018,0.192134863,0.108488307
38.15002012,0.191559717,0.108268278
38.20001006,0.190950551,0.108048064
38.25002003,0.189923966,0.107827665
38.30007005,0.189117256,0.10760708
38.35009003,0.188576352,0.107386312
38.40026999,0.187765958,0.107165359
38.45009017,0.187225979,0.106944223
38.50028014,0.186746736,0.106722903
38.55009007,0.186106272,0.106501401
38.60001016,0.185052235,0.106279716
38.65005016,0.184553246,0.106057849
38.70025015,0.1839028,0.1058358
38.75003004,0.183146422,0.10561357
38.79999018,0.182542176,0.105391159
38.85002017,0.181865734,0.105168567
38.9002502,0.180416853,0.104945796
38.95006013,0.179821765,0.104722844
39.00014019,0.179265893,0.104499713
39.04996014,0.178727388,0.104276403
39.10051012,0.178045487,0.104052914
39.1500001,0.177037119,0.103829247
39.20002007,0.176008078,0.103605402
39.25041008,0.175497915,0.103381379
39.30031013,0.174583177,0.10315718
39.35000014,0.174139064,0.102932803
39.40032005,0.173565497,0.10270825
39.45000005,0.173261703,0.102483522
39.50031018,0.172221782,0.102258617
39.55000997,0.1717728,0.102033538
39.60034013,0.171408094,0.101808283
39.64996004,0.170922435,0.101582854
39.70034003,0.170482699,0.101357251
39.75028014,0.170053387,0.101131475
39.80037999,0.168788649,0.100905525
39.85003018,0.168211738,0.100679402
39.90013003,0.167641876,0.100453107
39.95009017,0.167078069,0.100226639
40.00022006,0.166418983,0.1
40.05026007,0.166016708,0.099773189
40.10034013,0.165542806,0.099546208
40.15037012,0.164463217,0.099319056
40.20024014,0.163953248,0.099091734
40.25021005,0.163464005,0.098864242
40.30007005,0.163019543,0.09863658
40.34999013,0.16240513,0.09840875
40.39998007,0.161938908,0.098180751
40.44993997,0.161408453,0.097952583
40.50005007,0.161118374,0.097724248
40.55010009,0.160627212,0.097495746
40.59992003,0.160297637,0.097267076
40.65002012,0.159998858,0.09703824
40.70001006,0.159812541,0.096809237
40.75003004,0.159003213,0.096580069
40.79994011,0.158694461,0.096350735
40.85038018,0.158398515,0.096121236
40.90013003,0.157730997,0.095891572
40.95000005,0.156957453,0.095661744
41.00028014,0.156095659,0.095431752
41.04997015,0.154498328,0.095201597
41.09994006,0.153819893,0.094971278
41.14993,0.153428827,0.094740797
41.19995999,0.153175873,0.094510153
41.2499702,0.152874289,0.094279347
41.29984999,0.152912911,0.09404838
41.35022998,0.152338534,0.093817252
41.39990997,0.152009942,0.093585963
41.44999003,0.151654381,0.093354513
41.50005007,0.151527675,0.093122904
41.55001998,0.151278197,0.092891135
41.59993005,0.150837706,0.092659207
41.64993,0.149984366,0.09242712
41.7000401,0.149120923,0.092194875
41.74998999,0.148213806,0.091962472
41.80000019,0.147420936,0.091729911
41.85000014,0.146569726,0.091497193
41.90003014,0.145633447,0.091264318
41.95008016,0.144811598,0.091031287
41.99997997,0.142637339,0.0907981
42.04999018,0.141751293,0.090564757
42.10005999,0.140866138,0.090331259
42.14995003,0.139744417,0.090097607
42.19995999,0.138846272,0.0898638
42.25055003,0.137906618,0.089629839
42.30025005,0.136038539,0.089395724
42.35009003,0.135142992,0.089161456
42.39993,0.134260598,0.088927036
42.44995999,0.133390693,0.088692463
42.50005007,0.132333432,0.088457738
42.55014014,0.131488886,0.088222862
42.60036016,0.129643838,0.087987834
42.64990997,0.12839032,0.087752656
42.70012999,0.127444391,0.087517327
42.75004005,0.126474534,0.087281848
42.80012012,0.125527994,0.08704622
42.85002017,0.12437708,0.086810442
42.90020013,0.122430564,0.086574516
42.95009017,0.121460531,0.086338442
42.99986005,0.120196671,0.086102219
43.04996014,0.119257276,0.085865849
43.09998012,0.11826515,0.085629332
43.15003014,0.117269147,0.085392668
43.1998601,0.115144007,0.085155858
43.24994016,0.114246169,0.084918902
43.30029011,0.113326477,0.084681801
43.35000014,0.111929181,0.084444554
43.39998007,0.110999421,0.084207163
43.45001006,0.1100524,0.083969627
43.50036001,0.108063196,0.083731948
43.54989004,0.106875066,0.083494125
43.59988999,0.105906748,0.083256158
43.64988017,0.104907145,0.08301805
43.69988012,0.103909371,0.082779799
43.74987006,0.102733864,0.082541406
43.80032015,0.101787341,0.082302872
43.8499701,0.099811464,0.082064196
43.89987016,0.098682945,0.081825381
43.94990015,0.097745417,0.081586424
43.99987006,0.096838471,0.081347329
44.04988003,0.095875843,0.081108093
44.09986997,0.094420088,0.080868719
44.15008998,0.092584647,0.080629206
44.20033002,0.09168419,0.080389555
44.25023007,0.090606174,0.080149767
44.29988003,0.089835122,0.079909841
44.3499701,0.089080181,0.079669778
44.39987016,0.088385981,0.079429578
44.45024014,0.086887822,0.079189243
44.4999001,0.086267558,0.078948771
44.54999018,0.08566767,0.078708165
44.60023999,0.084927778,0.078467423
44.65021014,0.084369831,0.078226547
44.70000005,0.083806072,0.077985538
44.75002003,0.082949159,0.077744394
44.79999018,0.082173884,0.077503117
44.85022998,0.081747441,0.077261708
44.9000001,0.081309793,0.077020166
44.95005012,0.080882236,0.076778492
45.00032997,0.080375824,0.076536686
45.05032015,0.079726846,0.07629475
45.10030007,0.079269347,0.076052683
45.15049005,0.078892617,0.075810485
45.19988012,0.078542377,0.075568157
45.25022006,0.078222037,0.0753257
45.29997015,0.07790966,0.075083114
45.35023999,0.077593631,0.074840399
45.40002012,0.077130265,0.074597557
45.45022011,0.076879055,0.074354586
45.49987006,0.076561905,0.074111488
45.54999018,0.076330483,0.073868262
45.59999013,0.076145331,0.073624911
45.64989018,0.075938687,0.073381433
45.70014,0.075488429,0.073137829
45.74987006,0.075335593,0.0728941
45.79991007,0.075170023,0.072650246
45.85010004,0.074952167,0.072406268
45.90009999,0.074775912,0.072162165
45.94995999,0.07463659,0.071917939
46.00036001,0.074384507,0.07167359
46.0499301,0.074233904,0.071429118
46.10004997,0.074114499,0.071184523
46.14998007,0.074013011,0.070939807
46.20003009,0.073825018,0.070694969
46.25003004,0.073715886,0.07045001
46.30004001,0.073534828,0.07020493
46.35003018,0.073458508,0.06995973
46.4000001,0.073349498,0.069714409
46.45000005,0.073243878,0.06946897
46.49996018,0.073186933,0.069223411
46.5499301,0.073070065,0.068977734
46.60023999,0.072910342,0.068731939
46.65002012,0.072784448,0.068486026
46.70001006,0.07268233,0.068239995
46.75003004,0.072569906,0.067993848
46.80002999,0.07246785,0.067747584
46.85000014,0.072371374,0.067501204
46.89993,0.072277887,0.067254708
46.95005012,0.07211388,0.067008098
47,0.072051957,0.066761372
47.05004001,0.071956342,0.066514532
47.1000402,0.071804772,0.066267578
47.14997005,0.071769668,0.06602051
47.19993019,0.071643287,0.065773329
47.25015998,0.071395849,0.065526036
47.30000997,0.071265135,0.06527863
47.35004997,0.071161279,0.065031113
47.39991999,0.071035671,0.064783484
47.45006013,0.070806902,0.064535744
47.50006008,0.070720903,0.064287893
47.55019999,0.070448163,0.064039932
47.59993005,0.070225534,0.063791862
47.65020013,0.070027832,0.063543682
47.69999003,0.06986293,0.063295393
47.75029016,0.069667216,0.063046996
47.80001998,0.069478227,0.062798491
47.85003018,0.069099333,0.062549878
47.90007019,0.068923234,0.062301159
47.95003009,0.068752445,0.062052332
47.9999702,0.068501972,0.061803399
48.05004001,0.068282103,0.06155436
48.10004997,0.068026216,0.061305216
48.15029001,0.067701849,0.061055966
48.20008016,0.067249107,0.060806612
48.24994016,0.066962351,0.060557154
48.30002999,0.066716636,0.060307592
48.3500402,0.066277943,0.060057927
48.40004015,0.065994257,0.059808158
48.4500401,0.065637191,0.059558288
48.50003004,0.065051223,0.059308315
48.55002999,0.064733836,0.059058241
48.6000402,0.064437132,0.058808065
48.65030003,0.064095192,0.058557789
48.70001006,0.063651782,0.058307412
48.75029016,0.063384759,0.058056935
48.80006003,0.062782757,0.057806359
48.85003018,0.062257567,0.057555684
48.90006018,0.061950409,0.057304911
48.95002007,0.061709196,0.057054039
49.00003004,0.061370885,0.056803069
49.05002999,0.060824472,0.056552002
49.10011005,0.061014818,0.056300838
49.15001011,0.060910667,0.056049578
49.2000401,0.060710458,0.055798221
49.25,0.060348999,0.055546769
49.30004001,0.060060576,0.055295222
49.35001016,0.059895059,0.05504358
49.40004015,0.059709321,0.054791844
49.4500401,0.05967723,0.054540014
49.50003004,0.059604188,0.05428809
49.55027008,0.059546232,0.054036073
49.60005999,0.059441969,0.053783964
49.65030003,0.059420251,0.053531763
49.70009017,0.059188801,0.05327947
49.75003004,0.058715549,0.053027085
49.79998016,0.058337592,0.05277461
49.84991002,0.05798623,0.052522044
49.89999008,0.057651255,0.052269389
49.9498601,0.057234942,0.052016643
49.99998999,0.056860834,0.051763809
50.04999018,0.056330753,0.051510886
50.10002017,0.055996499,0.051257875
50.14997005,0.055748799,0.051004775
50.19998002,0.055467336,0.050751589
50.2499702,0.055231188,0.050498315
50.30032015,0.05484476,0.050244955
50.35015011,0.054373524,0.049991509
50.4001801,0.054136925,0.049737977
50.45030999,0.053833727,0.04948436
50.50013018,0.05352948,0.049230659
50.5501802,0.053184998,0.048976872
50.60007,0.052861315,0.048723002
50.65024018,0.052051529,0.048469049
50.70006013,0.051623614,0.048215012
50.75021005,0.05121912,0.047960893
50.80006003,0.050786589,0.047706692
50.85023999,0.050265101,0.047452408
50.90001011,0.050007825,0.047198044
50.95040011,0.049307519,0.046943599
50.99998999,0.048783609,0.046689073
51.05000997,0.048536511,0.046434467
51.10000014,0.048329297,0.046179782
51.15004015,0.047972679,0.045925017
51.19999003,0.047494102,0.045670174
51.25004005,0.046741825,0.045415253
51.30025005,0.046285803,0.045160253
51.35003018,0.04579935,0.044905177
51.40001011,0.045407661,0.044650023
51.45024014,0.04512255,0.044394793
51.50020003,0.044855264,0.044139487
51.55001998,0.044239773,0.043884105
51.59999013,0.043929857,0.043628648
51.64996004,0.043533265,0.043373117
51.70000005,0.042907434,0.043117511
51.75020003,0.042377489,0.042861831
51.80000019,0.041863736,0.042606077
51.85004997,0.041415937,0.042350251
51.89991999,0.040607256,0.042094352
51.95010018,0.040408707,0.041838381
52.00012016,0.040173657,0.041582338
52.05035996,0.039942327,0.041326224
52.10008001,0.039653548,0.041070039
52.15041018,0.039458272,0.040813784
52.20016003,0.039038471,0.040557459
52.25,0.038712579,0.040301064
52.30001998,0.038463675,0.040044601
52.3499701,0.038212965,0.039788069
52.40030003,0.037932127,0.039531468
52.45025015,0.037731013,0.0392748
52.50030017,0.037541941,0.039018064
52.55012012,0.037540859,0.038761262
52.5999701,0.037661969,0.038504393
52.64994001,0.037628987,0.038247459
52.69998002,0.037600903,0.037990458
52.74996018,0.037307381,0.037733393
52.80013013,0.036973154,0.037476263
52.85004997,0.03701804,0.037219069
52.90034008,0.03697929,0.036961811
52.9500401,0.037150738,0.036704489
53.00003004,0.037308421,0.036447105
53.0501101,0.037468773,0.036189658
53.10033011,0.037836936,0.03593215
53.15030003,0.038021626,0.035674579
53.2000401,0.038146982,0.035416948
53.2500701,0.038225374,0.035159256
53.29997015,0.038350464,0.034901504
53.35008001,0.038367622,0.034643692
53.40014005,0.03846218,0.03438582
53.45020008,0.038514741,0.03412789
53.50011015,0.038562356,0.033869901
53.55001998,0.038698343,0.033611854
53.60014009,0.038845407,0.033353749
53.65029001,0.038990652,0.033095588
53.70033002,0.039182523,0.032837369
53.75028014,0.039432222,0.032579095
53.80030012,0.039457004,0.032320764
53.85026002,0.039438081,0.032062378
53.90030003,0.039344894,0.031803938
53.95030999,0.039192037,0.031545442
54.00029016,0.039203365,0.031286893
54.05062008,0.039233965,0.03102829
54.10005999,0.039324309,0.030769634
54.1500001,0.039421473,0.030510925
54.20006013,0.039534012,0.030252164
54.24997997,0.039698981,0.029993351
54.30029011,0.039787354,0.029734487
54.34998012,0.040003532,0.029475571
54.40026999,0.039964695,0.029216606
54.44997001,0.039920097,0.02895759
54.50003004,0.039917135,0.028698524
54.54997015,0.039809976,0.02843941
54.60029006,0.039838008,0.028180246
54.65002012,0.039731987,0.027921035
54.70030999,0.039741974,0.027661775
54.75004005,0.039821108,0.027402468
54.80005002,0.039798973,0.027143114
54.85025001,0.039866578,0.026883714
54.90007019,0.039812791,0.026624268
54.95016003,0.039745792,0.026364776
55.00003004,0.039544147,0.026105238
55.05015016,0.039432288,0.025845656
55.10003018,0.039320539,0.02558603
55.15024018,0.039192941,0.02532636
55.20007014,0.039147561,0.025066647
55.25,0.039106156,0.02480689
55.30001998,0.039584288,0.024547091
55.34996009,0.039836807,0.02428725
55.40024018,0.039959905,0.024027368
55.45021009,0.039977081,0.023767444
55.50027013,0.040167963,0.023507479
55.55022001,0.04034201,0.023247475
55.60026002,0.040362914,0.02298743
55.65012002,0.040738575,0.022727346
55.7000401,0.041133332,0.022467223
55.75023007,0.041706283,0.022207062
55.80004001,0.042273371,0.021946862
55.84999013,0.042546729,0.021686625
55.90082002,0.043279669,0.021426351
55.95027018,0.043342265,0.02116604
56.00028014,0.043207535,0.020905693
56.05027008,0.043211332,0.02064531
56.10030007,0.043290779,0.020384891
56.15028,0.043381255,0.020124438
56.20029998,0.043721626,0.01986395
56.25002003,0.04392881,0.019603428
56.30028009,0.044061515,0.019342873
56.35001016,0.044080039,0.019082284
56.40005016,0.044024384,0.018821663
56.44995999,0.044105951,0.018561009
56.50028014,0.044308796,0.018300324
56.55021,0.044281733,0.018039607
56.60023999,0.044227037,0.017778859
56.65023017,0.044198551,0.017518081
56.7000401,0.043923267,0.017257273
56.75027013,0.043854006,0.016996435
56.80026007,0.043753653,0.016735569
56.8503201,0.043726492,0.016474673
56.90004015,0.043699589,0.016213749
56.94989014,0.043845618,0.015952798
57.00003004,0.043986526,0.015691819
57.05002999,0.044335145,0.015430813
57.1000402,0.044608405,0.015169781
57.15003014,0.045356577,0.014908723
57.2000401,0.045683356,0.014647639
57.25001001,0.045815546,0.014386531
57.30024004,0.045554829,0.014125397
57.34988999,0.04533823,0.01386424
57.40006018,0.044707987,0.013603058
57.45071006,0.043776009,0.013341853
57.50029016,0.043218836,0.013080626
57.55024004,0.042564139,0.012819376
57.60005999,0.042009697,0.012558104
57.65025997,0.041504534,0.01229681
57.70005012,0.040971746,0.012035496
57.75023007,0.039995538,0.011774161
57.80004001,0.039719312,0.011512805
57.85001016,0.039692959,0.01125143
57.90007019,0.039722099,0.010990036
57.95023012,0.039777241,0.010728623
58.00029016,0.039909267,0.010467191
58.05021,0.040181052,0.010205742
58.10004997,0.040528905,0.009944275
58.14990997,0.040801818,0.009682791
58.20005012,0.041027461,0.00942129
58.25036001,0.041084555,0.009159773
58.30012012,0.041168983,0.008898241
58.34991002,0.041250184,0.008636693
58.40005016,0.041035153,0.008375131
58.45026016,0.040843951,0.008113554
58.50028014,0.040615051,0.007851963
58.55025005,0.040315626,0.007590359
58.60029006,0.040063869,0.007328742
58.65057015,0.039648032,0.007067112
58.70007014,0.038927096,0.00680547
58.75024009,0.038508266,0.006543817
58.80028009,0.037904159,0.006282152
58.84988999,0.037538672,0.006020476
58.90005016,0.03712788,0.00575879
58.94999003,0.036719595,0.005497095
59.00027013,0.035847427,0.00523539
59.05016017,0.035456363,0.004973676
59.10004997,0.035057027,0.004711953
59.14990997,0.034829366,0.004450222
59.2000401,0.034726721,0.004188484
59.24992013,0.034477729,0.003926738
59.30004001,0.033914607,0.003664986
59.35003018,0.033583583,0.003403228
59.40006018,0.033326214,0.003141463
59.4500401,0.033227692,0.002879694
59.50002003,0.033104343,0.002617919
59.55026007,0.032920352,0.00235614
59.60008001,0.032790098,0.002094357
59.65042019,0.032700044,0.00183257
59.70005012,0.032663235,0.00157078
59.74991012,0.032634127,0.001308988
59.80005002,0.032621753,0.001047193
59.85002017,0.032624,0.000785396
59.90030003,0.032618946,0.000523598
59.95001006,0.03264777,0.000261799
60.00006008,0.032679372,-2.49E-13
60.05006003,0.032720164,-0.000261799
60.10030007,0.032763267,-0.000523598
60.15001011,0.032827699,-0.000785396
60.2000401,0.032841515,-0.001047193
60.24981999,0.032828979,-0.001308988
60.29990005,0.032807287,-0.00157078
60.35011005,0.032786646,-0.00183257
60.40032005,0.032788882,-0.002094357
60.4498601,0.032832637,-0.00235614
60.49988008,0.032851476,-0.002617919
60.54981017,0.032886959,-0.002879694
60.59985018,0.032913972,-0.003141463
60.64989018,0.032919953,-0.003403228
60.69987011,0.032928561,-0.003664986
60.75022006,0.032937774,-0.003926738
60.80016017,0.032929745,-0.004188484
60.85005999,0.032987471,-0.004450222
60.9000001,0.033008525,-0.004711953
60.95012999,0.033101011,-0.004973676
61.00012016,0.033063131,-0.00523539
61.05016017,0.033087886,-0.005497095
61.10109019,0.033119744,-0.00575879
61.15035009,0.033181033,-0.006020476
61.20005012,0.033203089,-0.006282152
61.25020003,0.033176519,-0.006543817
61.30010009,0.033144998,-0.00680547
61.35042,0.03312709,-0.007067112
61.40002012,0.033054506,-0.007328742
61.45032001,0.032802398,-0.007590359
61.50012016,0.03272319,-0.007851963
61.55005002,0.032643065,-0.008113554
61.6000402,0.03250662,-0.008375131
61.65042019,0.032334891,-0.008636693
61.70010018,0.032273286,-0.008898241
61.74998999,0.032175389,-0.009159773
61.79996014,0.031947586,-0.00942129
61.85013008,0.031823862,-0.009682791
61.90015006,0.03170929,-0.009944275
61.94995999,0.03161193,-0.010205742
62.00028014,0.031452649,-0.010467191
62.05010009,0.03128796,-0.010728623
62.10010004,0.031100708,-0.010990036
62.15052009,0.030933814,-0.01125143
62.20010018,0.030893675,-0.011512805
62.25005007,0.030859254,-0.011774161
62.30009007,0.030859309,-0.012035496
62.35021019,0.030866029,-0.01229681
62.40049005,0.03099195,-0.012558104
62.45003009,0.030973118,-0.012819376
62.50020003,0.030854487,-0.013080626
62.54997015,0.030713259,-0.013341853
62.60012007,0.030566419,-0.013603058
62.65011001,0.030421577,-0.01386424
62.69993019,0.02999368,-0.014125397
62.75009012,0.029633116,-0.014386531
62.80005002,0.029165306,-0.014647639
62.85003018,0.028651096,-0.014908723
62.90005016,0.027875339,-0.015169781
62.95010018,0.027446927,-0.015430813
63.00009012,0.026661761,-0.015691819
63.04994011,0.026153424,-0.015952798
63.10003018,0.025902763,-0.016213749
63.15007019,0.025610495,-0.016474673
63.19994998,0.025450889,-0.016735569
63.25016999,0.025246495,-0.016996435
63.29996014,0.02485871,-0.017257273
63.3503201,0.024682888,-0.017518081
63.40004015,0.024593268,-0.017778859
63.45020008,0.024495885,-0.018039607
63.50022006,0.024348607,-0.018300324
63.55012012,0.024270621,-0.018561009
63.60003018,0.024228554,-0.018821663
63.65036011,0.024350854,-0.019082284
63.70006013,0.024369982,-0.019342873
63.75001001,0.024475934,-0.019603428
63.80007005,0.024528306,-0.01986395
63.84998012,0.024440686,-0.020124438
63.90009999,0.024330779,-0.020384891
63.95002007,0.02382938,-0.02064531
64.00005007,0.023634079,-0.020905693
64.05013013,0.023422889,-0.02116604
64.1000402,0.023180987,-0.021426351
64.15009999,0.023001976,-0.021686625
64.20002007,0.022860538,-0.021946862
64.25009012,0.022615688,-0.022207062
64.30009007,0.022462399,-0.022467223
64.3503201,0.022551302,-0.022727346
64.40007997,0.022784823,-0.02298743
64.45007014,0.022998142,-0.023247475
64.50008011,0.023369653,-0.023507479
64.55008006,0.0239584,-0.023767444
64.60008001,0.02417959,-0.024027368
64.65015006,0.024344885,-0.02428725
64.70001006,0.024421292,-0.024547091
64.75005007,0.024423798,-0.02480689
64.80027008,0.024379582,-0.025066647
64.85009003,0.024548228,-0.02532636
64.90042019,0.024664349,-0.02558603
64.95006013,0.024573685,-0.025845656
65.00031018,0.024412752,-0.026105238
65.05006003,0.024467876,-0.026364776
65.10035014,0.024450003,-0.026624268
65.15009999,0.024365314,-0.026883714
65.19997001,0.024808869,-0.027143114
65.25001001,0.024887365,-0.027402468
65.30021,0.025094463,-0.027661775
65.3499701,0.025248491,-0.027921035
65.40021014,0.025475132,-0.028180246
65.45008016,0.025838733,-0.02843941
65.50027013,0.02653731,-0.028698524
65.55029011,0.027051123,-0.02895759
65.60002017,0.027427526,-0.029216606
65.65037012,0.027748252,-0.029475571
65.70002007,0.027962617,-0.029734487
65.75037003,0.028052689,-0.029993351
65.80096006,0.027870148,-0.030252164
65.85037017,0.028013961,-0.030510925
65.90030003,0.028051786,-0.030769634
65.95012999,0.027997114,-0.03102829
66.00028014,0.027825879,-0.031286893
66.05010009,0.027789237,-0.031545442
66.10018015,0.027717481,-0.031803938
66.15006018,0.027589663,-0.032062378
66.19981003,0.027528167,-0.032320764
66.25002003,0.027467666,-0.032579095
66.3001802,0.027459553,-0.032837369
66.3500402,0.027499678,-0.033095588
66.4001801,0.027720267,-0.033353749
66.44994998,0.027728741,-0.033611854
66.50043011,0.027796879,-0.033869901
66.55028009,0.027946849,-0.03412789
66.60022998,0.028140395,-0.03438582
66.64990997,0.028348698,-0.034643692
66.69995999,0.028443467,-0.034901504
66.75003004,0.028460121,-0.035159256
66.80017018,0.028504973,-0.035416948
66.85058999,0.028317886,-0.035674579
66.90005016,0.028182413,-0.03593215
66.95037007,0.028032004,-0.036189658
67.00023007,0.027843949,-0.036447105
67.05037999,0.027548438,-0.036704489
67.10019016,0.027451605,-0.036961811
67.15015006,0.027207068,-0.037219069
67.2000401,0.027101953,-0.037476263
67.25002003,0.026976507,-0.037733393
67.30026007,0.026908121,-0.037990458
67.35025001,0.026813488,-0.038247459
67.40001011,0.026860783,-0.038504393
67.45036006,0.026836393,-0.038761262
67.49996018,0.02677675,-0.039018064
67.55026007,0.026639759,-0.0392748
67.60021019,0.026671319,-0.039531468
67.65114999,0.027017556,-0.039788069
67.70015001,0.027138981,-0.040044601
67.74995017,0.02718731,-0.040301064
67.80018997,0.027232229,-0.040557459
67.84994006,0.027142336,-0.040813784
67.89986014,0.027020889,-0.041070039
67.95006013,0.026612406,-0.041326224
68.00014997,0.026380046,-0.041582338
68.04982018,0.026075985,-0.041838381
68.09982014,0.025858624,-0.042094352
68.15028,0.025582631,-0.042350251
68.20023012,0.025299688,-0.042606077
68.25031018,0.024946626,-0.042861831
68.30021,0.024421217,-0.043117511
68.35023999,0.024130972,-0.043373117
68.39995003,0.02378577,-0.043628648
68.45032001,0.023405489,-0.043884105
68.50020003,0.023095756,-0.044139487
68.55033016,0.022741863,-0.044394793
68.59996009,0.022214,-0.044650023
68.65051007,0.022169399,-0.044905177
68.70000005,0.02217927,-0.045160253
68.75043011,0.022247909,-0.045415253
68.79999018,0.022121946,-0.045670174
68.85058999,0.021961231,-0.045925017
68.90025997,0.021278958,-0.046179782
68.95059013,0.020902785,-0.046434467
69.00024009,0.020576661,-0.046689073
69.05004001,0.020075481,-0.046943599
69.09998012,0.019587541,-0.047198044
69.15007019,0.019133611,-0.047452408
69.20017004,0.018242416,-0.047706692
69.24993014,0.017484437,-0.047960893
69.29994011,0.017030725,-0.048215012
69.35002017,0.016565054,-0.048469049
69.4001801,0.016119799,-0.048723002
69.45007014,0.0156458,-0.048976872
69.50010014,0.014495895,-0.049230659
69.55007005,0.013990128,-0.04948436
69.59992003,0.013496493,-0.049737977
69.65014005,0.012858464,-0.049991509
69.70032001,0.012349141,-0.050244955
69.75004005,0.01188551,-0.050498315
69.79995012,0.010804154,-0.050751589
69.85005999,0.010344575,-0.051004775
69.90028,0.009837595,-0.051257875
69.95010018,0.009311527,-0.051510886
69.99992013,0.008485332,-0.051763809
70.05032015,0.00796765,-0.052016643
70.10003018,0.007420664,-0.052269389
70.15005016,0.006195642,-0.052522044
70.19995999,0.005710415,-0.05277461
70.25009012,0.005194949,-0.053027085
70.2999301,0.004694667,-0.05327947
70.35018015,0.004064398,-0.053531763
70.40014005,0.003537529,-0.053783964
70.44991016,0.002574897,-0.054036073
70.49993014,0.001925813,-0.05428809
70.55035019,0.001381115,-0.054540014
70.60001016,0.000884801,-0.054791844
70.64999008,0.0003415,-0.05504358
70.70025015,-0.000377708,-0.055295222
70.75022006,-0.001400277,-0.055546769
70.80022001,-0.001882702,-0.055798221
70.85028005,-0.002397345,-0.056049578
70.8999002,-0.003042128,-0.056300838
70.94999003,-0.003547027,-0.056552002
71.00023007,-0.004057034,-0.056803069
71.05049014,-0.005243563,-0.057054039
71.09975004,-0.005758198,-0.057304911
71.14997005,-0.006300141,-0.057555684
71.19998002,-0.006835705,-0.057806359
71.25027013,-0.007619765,-0.058056935
71.30019999,-0.007998858,-0.058307412
71.35021996,-0.009017172,-0.058557789
71.40007019,-0.009823667,-0.058808065
71.4501102,-0.010352476,-0.059058241
71.50027013,-0.010906841,-0.059308315
71.55013013,-0.011432554,-0.059558288
71.60025001,-0.012060011,-0.059808158
71.65024018,-0.012970784,-0.060057927
71.69998002,-0.01357687,-0.060307592
71.75015998,-0.014189763,-0.060557154
71.80005002,-0.014703574,-0.060806612
71.85005999,-0.015225338,-0.061055966
71.90003014,-0.015734435,-0.061305216
71.95000005,-0.016340999,-0.06155436
71.99992013,-0.017357152,-0.061803399
72.05007005,-0.017854964,-0.062052332
72.09991002,-0.018619586,-0.062301159
72.15008998,-0.019100805,-0.062549878
72.20014,-0.019598641,-0.062798491
72.25002003,-0.020095328,-0.063046996
72.30009007,-0.021133199,-0.063295393
72.35005999,-0.021624553,-0.063543682
72.40003014,-0.022118532,-0.063791862
72.44993019,-0.022578204,-0.064039932
72.50018001,-0.023217545,-0.064287893
72.55009007,-0.023704396,-0.064535744
72.60157013,-0.024662652,-0.064783484
72.65003014,-0.02532803,-0.065031113
72.70002007,-0.025761358,-0.06527863
72.75036001,-0.026179442,-0.065526036
72.79988003,-0.026499121,-0.065773329
72.85000014,-0.027134841,-0.06602051
72.9000001,-0.028024021,-0.066267578
72.94987011,-0.028476853,-0.066514532
72.99992013,-0.029068395,-0.066761372
73.05007005,-0.029540842,-0.067008098
73.09994006,-0.029989203,-0.067254708
73.15007997,-0.030402806,-0.067501204
73.20001006,-0.031233621,-0.067747584
73.25002003,-0.031788968,-0.067993848
73.29996014,-0.032213012,-0.068239995
73.34996009,-0.032872827,-0.068486026
73.39999008,-0.033363285,-0.068731939
73.44990015,-0.033699498,-0.068977734
73.49996018,-0.034167674,-0.069223411
73.54989004,-0.035321831,-0.06946897
73.60016012,-0.035779399,-0.069714409
73.65012002,-0.036186062,-0.06995973
73.69993997,-0.036754702,-0.07020493
73.74993014,-0.037221408,-0.07045001
73.7999301,-0.037681833,-0.070694969
73.85003018,-0.038552092,-0.070939807
73.90002012,-0.039146395,-0.071184523
73.95003009,-0.039645746,-0.071429118
74,-0.040165902,-0.07167359
74.05013013,-0.040689194,-0.071917939
74.1000402,-0.041476115,-0.072162165
74.15103006,-0.04252156,-0.072406268
74.20002007,-0.043019125,-0.072650246
74.2499702,-0.043600325,-0.0728941
74.29998016,-0.044084204,-0.073137829
74.35005999,-0.044580312,-0.073381433
74.40009999,-0.045088419,-0.073624911
74.45010018,-0.046260445,-0.073868262
74.49996018,-0.04681196,-0.074111488
74.54990005,-0.047369427,-0.074354586
74.60012007,-0.048084559,-0.074597557
74.6501801,-0.048623814,-0.074840399
74.70000005,-0.049161827,-0.075083114
74.75026011,-0.050530013,-0.0753257
74.79995012,-0.051085551,-0.075568157
74.85023999,-0.051626608,-0.075810485
74.90022016,-0.052191972,-0.076052683
74.95014,-0.052950509,-0.07629475
75.00022006,-0.053579086,-0.076536686
75.04999018,-0.05421512,-0.076778492
75.10019016,-0.055631184,-0.077020166
75.15016007,-0.056262537,-0.077261708
75.20023012,-0.056884932,-0.077503117
75.25014019,-0.05751486,-0.077744394
75.30021,-0.058131469,-0.077985538
75.3500402,-0.058870568,-0.078226547
75.39998007,-0.060098128,-0.078467423
75.44989014,-0.060788832,-0.078708165
75.4999702,-0.061756969,-0.078948771
75.55012012,-0.062417692,-0.079189243
75.60002017,-0.063077548,-0.079429578
75.65002012,-0.063711735,-0.079669778
75.70022011,-0.065228975,-0.079909841
75.74993014,-0.065914199,-0.080149767
75.79991007,-0.066567498,-0.080389555
75.85028005,-0.067395957,-0.080629206
75.90029001,-0.068078182,-0.080868719
75.95002007,-0.068729513,-0.081108093
76.00094008,-0.070257226,-0.081347329
76.04997015,-0.070937017,-0.081586424
76.0999701,-0.071655053,-0.081825381
76.15001011,-0.072346224,-0.082064196
76.19999003,-0.073454287,-0.082302872
76.25,-0.07410903,-0.082541406
76.30000019,-0.075556292,-0.082779799
76.35027003,-0.076446403,-0.08301805
76.40024018,-0.077120755,-0.083256158
76.44989014,-0.077807038,-0.083494125
76.50024009,-0.078522752,-0.083731948
76.54998016,-0.07943205,-0.083969627
76.60004997,-0.080321487,-0.084207163
76.65005016,-0.081566054,-0.084444554
76.69999003,-0.082292225,-0.084681801
76.75,-0.083173692,-0.084918902
76.80022001,-0.083856999,-0.085155858
76.84990001,-0.08458274,-0.085392668
76.90025997,-0.085263629,-0.085629332
76.9500401,-0.086966374,-0.085865849
77.00014997,-0.087626688,-0.086102219
77.05027008,-0.088390212,-0.086338442
77.10021019,-0.089342368,-0.086574516
77.15031004,-0.090078434,-0.086810442
77.20002007,-0.090827111,-0.08704622
77.24997997,-0.092430073,-0.087281848
77.2999301,-0.093096841,-0.087517327
77.34996009,-0.093796695,-0.087752656
77.39997005,-0.094468661,-0.087987834
77.4500401,-0.095307609,-0.088222862
77.4999702,-0.095966222,-0.088457738
77.55026007,-0.097361656,-0.088692463
77.6000402,-0.098421206,-0.088927036
77.64995003,-0.099123228,-0.089161456
77.7000401,-0.099825454,-0.089395724
77.74994016,-0.100529923,-0.089629839
77.80005002,-0.10140051,-0.0898638
77.85001016,-0.102748626,-0.090097607
77.90025997,-0.103445146,-0.090331259
77.95002007,-0.104316961,-0.090564757
78.00026011,-0.105008307,-0.0907981
78.04999018,-0.105741539,-0.091031287
78.10004997,-0.106465449,-0.091264318
78.1500001,-0.108121589,-0.091497193
78.19993019,-0.108697098,-0.091729911
78.25,-0.109477653,-0.091962472
78.30000019,-0.11017598,-0.092194875
78.34999013,-0.111331914,-0.09242712
78.39996004,-0.112012264,-0.092659207
78.45000005,-0.11284577,-0.092891135
78.49988008,-0.114410297,-0.093122904
78.54987001,-0.115078512,-0.093354513
78.59991002,-0.115814824,-0.093585963
78.64999008,-0.116506909,-0.093817252
78.69991016,-0.117457675,-0.09404838
78.74997997,-0.1183945,-0.094279347
78.79996014,-0.120453921,-0.094510153
78.84999013,-0.121898467,-0.094740797
78.9000001,-0.12301613,-0.094971278
78.94999003,-0.124134534,-0.095201597
78.99998999,-0.125275813,-0.095431752
79.04999018,-0.126914751,-0.095661744
79.09998012,-0.129040871,-0.095891572
79.15001011,-0.13013097,-0.096121236
79.19999003,-0.131516339,-0.096350735
79.25022006,-0.132610306,-0.096580069
79.29997015,-0.133562009,-0.096809237
79.34998012,-0.134839673,-0.09703824
79.39997005,-0.137204468,-0.097267076
79.44998002,-0.138372964,-0.097495746
79.50028014,-0.139356756,-0.097724248
79.54999018,-0.140599359,-0.097952583
79.60007,-0.141583986,-0.098180751
79.65007019,-0.1424377,-0.09840875
79.70003009,-0.143549557,-0.09863658
79.74997997,-0.145079324,-0.098864242
79.80023003,-0.14600874,-0.099091734
79.85000014,-0.147158424,-0.099319056
79.89999008,-0.148395017,-0.099546208
79.95001006,-0.150159388,-0.099773189
80.00021005,-0.152786313,-0.1
80.05002999,-0.154542027,-0.100226639
80.10037017,-0.156619699,-0.100453107
80.15005016,-0.158108984,-0.100679402
80.19994998,-0.159702471,-0.100905525
80.25005007,-0.161294232,-0.101131475
80.30015016,-0.16323083,-0.101357251
80.35005999,-0.166328877,-0.101582854
80.4002502,-0.16757457,-0.101808283
80.4500401,-0.168995493,-0.102033538
80.50030017,-0.169715879,-0.102258617
80.54990005,-0.170343577,-0.102483522
80.60063004,-0.170824108,-0.10270825
80.65002012,-0.171802213,-0.102932803
80.70041013,-0.1724518,-0.10315718
80.75004005,-0.173193898,-0.103381379
80.80015016,-0.17425876,-0.103605402
80.85002017,-0.174996148,-0.103829247
80.90019011,-0.175840018,-0.104052914
80.95024014,-0.177692213,-0.104276403
81.00003004,-0.178343551,-0.104499713
81.05015016,-0.178966225,-0.104722844
81.10036016,-0.179640226,-0.104945796
81.15004015,-0.180262685,-0.105168567
81.20009017,-0.180955393,-0.105391159
81.25005007,-0.182060654,-0.10561357
81.30031013,-0.18257701,-0.1058358
81.35002017,-0.183158998,-0.106057849
81.40007997,-0.183739656,-0.106279716
81.45028996,-0.184312564,-0.106501401
81.5000701,-0.1846217,-0.106722903
81.54991007,-0.18503378,-0.106944223
81.60002017,-0.185180848,-0.107165359
81.64990997,-0.185142943,-0.107386312
81.70015001,-0.18491048,-0.10760708
81.74991012,-0.18473691,-0.107827665
81.79990005,-0.184897972,-0.108048064
81.84999013,-0.185134859,-0.108268278
81.89991999,-0.186570986,-0.108488307
81.95024014,-0.187248612,-0.10870815
82.0000701,-0.187970171,-0.108927807
82.05012012,-0.188849518,-0.109147277
82.10026002,-0.189671714,-0.10936656
82.15019011,-0.190382455,-0.109585656
82.19999003,-0.192133549,-0.109804564
82.25056005,-0.192851141,-0.110023283
82.30015016,-0.193564433,-0.110241815
82.35038018,-0.194261517,-0.110460157
82.40006018,-0.195004546,-0.11067831
82.45011997,-0.195635878,-0.110896273
82.50038004,-0.196723624,-0.111114047
82.54999018,-0.197506204,-0.11133163
82.60019016,-0.197932967,-0.111549022
82.65002012,-0.198294882,-0.111766223
82.69995999,-0.198648541,-0.111983232
82.74994016,-0.199071612,-0.11220005
82.80053997,-0.19997318,-0.112416676
82.85016012,-0.200362507,-0.112633108
82.89999008,-0.200972238,-0.112849348
82.95001006,-0.201731995,-0.113065395
83.00023007,-0.202463462,-0.113281247
83.05000997,-0.203055167,-0.113496906
83.10026002,-0.204907803,-0.11371237
83.1502502,-0.205722755,-0.113927639
83.19998002,-0.206306499,-0.114142714
83.25,-0.207072511,-0.114357592
83.30000997,-0.208246749,-0.114572275
83.35017014,-0.209050921,-0.114786761
83.40011001,-0.209918105,-0.11500105
83.4500401,-0.211785443,-0.115215143
83.49997997,-0.212646195,-0.115429038
83.55036998,-0.213517659,-0.115642735
83.60013008,-0.214310163,-0.115856234
83.65041018,-0.21536462,-0.116069535
83.70005012,-0.216093951,-0.116282637
83.75037003,-0.217416458,-0.116495539
83.80005002,-0.218225151,-0.116708242
83.85002017,-0.218633631,-0.116920745
83.90003014,-0.219315433,-0.117133048
83.9503901,-0.219903172,-0.11734515
83.99991012,-0.220966181,-0.11755705
84.04996014,-0.222603831,-0.11776875
84.10034013,-0.223397534,-0.117980247
84.14997005,-0.224282917,-0.118191543
84.20007014,-0.225361477,-0.118402636
84.25027013,-0.22625859,-0.118613526
84.30016017,-0.227158287,-0.118824213
84.35016012,-0.229234186,-0.119034696
84.39997005,-0.230238033,-0.119244975
84.45008016,-0.231056287,-0.11945505
84.5000701,-0.232026117,-0.11966492
84.55026007,-0.233390395,-0.119874585
84.60010004,-0.234359693,-0.120084045
84.65007997,-0.235997952,-0.120293299
84.70009017,-0.236863455,-0.120502347
84.74997997,-0.237439972,-0.120711188
84.80006003,-0.238002193,-0.120919823
84.85010004,-0.238442013,-0.12112825
84.9000001,-0.23877891,-0.12133647
84.95025015,-0.239476577,-0.121544482
85.00014997,-0.240237173,-0.121752286
85.05007005,-0.240970574,-0.121959881
85.10022998,-0.241886311,-0.122167267
85.15015006,-0.242985825,-0.122374444
85.20009017,-0.243795109,-0.122581411
85.25022006,-0.245231092,-0.122788168
85.30008006,-0.246455145,-0.122994714
85.35005999,-0.247125092,-0.12320105
85.40007019,-0.248371563,-0.123407175
85.45003009,-0.249395701,-0.123613088
85.5000701,-0.250318452,-0.12381879
85.55005002,-0.251307574,-0.124024279
85.60007,-0.253775639,-0.124229556
85.64991999,-0.254806384,-0.12443462
85.70007014,-0.255870192,-0.124639471
85.75002003,-0.256943389,-0.124844108
85.80010009,-0.257985191,-0.125048531
85.85001016,-0.258568935,-0.12525274
85.90052009,-0.259406244,-0.125456735
85.95003009,-0.259948073,-0.125660514
86.00006008,-0.260834185,-0.125864078
86.05000997,-0.261697963,-0.126067427
86.1000402,-0.262795205,-0.126270559
86.15003014,-0.264188836,-0.126473475
86.2000401,-0.266636024,-0.126676175
86.25002003,-0.267925101,-0.126878657
86.30029011,-0.269578618,-0.127080922
86.35003018,-0.270777336,-0.127282969
86.40028,-0.271909278,-0.127484798
86.45001006,-0.273154812,-0.127686409
86.49993014,-0.275987703,-0.1278878
86.54990005,-0.277268563,-0.128088973
86.60038018,-0.278555018,-0.128289926
86.65002012,-0.280565357,-0.12849066
86.69993019,-0.282008085,-0.128691173
86.74989009,-0.283423177,-0.128891466
86.80030012,-0.284922292,-0.129091538
86.85017014,-0.288304097,-0.129291388
86.90028,-0.289737751,-0.129491017
86.94998002,-0.29116928,-0.129690425
87.00026011,-0.292627652,-0.12988961
87.05013013,-0.294493449,-0.130088572
87.09999013,-0.295818954,-0.130287312
87.14999008,-0.298603089,-0.130485828
87.20040011,-0.300294363,-0.130684121
87.25004005,-0.301674063,-0.13088219
87.2999301,-0.303048473,-0.131080034
87.35002017,-0.304413604,-0.131277654
87.40035009,-0.306463399,-0.131475049
87.45028019,-0.309320573,-0.131672219
87.50038004,-0.310725101,-0.131869163
87.55000019,-0.312508573,-0.132065881
87.60035014,-0.313956332,-0.132262373
87.65008998,-0.315224179,-0.132458638
87.70036006,-0.316544437,-0.132654677
87.75046015,-0.319506194,-0.132850488
87.79997015,-0.320770766,-0.133046071
87.85026002,-0.322051721,-0.133241426
87.90005016,-0.323707717,-0.133436553
87.95005012,-0.325032705,-0.133631452
88.00036001,-0.32642054,-0.133826121
88.05005002,-0.32982387,-0.134020561
88.09998012,-0.331205354,-0.134214772
88.14993,-0.332586402,-0.134408752
88.20036006,-0.33404476,-0.134602503
88.24987006,-0.335706073,-0.134796022
88.30004001,-0.337062856,-0.134989311
88.34996009,-0.338703084,-0.135182368
88.40005016,-0.340958832,-0.135375194
88.44995999,-0.342503227,-0.135567788
88.49997997,-0.343695072,-0.135760149
88.54998016,-0.344894437,-0.135952278
88.59993005,-0.346128573,-0.136144174
88.64998007,-0.347674584,-0.136335836
88.70006013,-0.350218138,-0.136527265
88.7499702,-0.351345731,-0.13671846
88.79998016,-0.353147804,-0.136909421
88.84996009,-0.354282408,-0.137100147
88.90005016,-0.355376807,-0.137290639
88.95009017,-0.356513998,-0.137480895
89.00020003,-0.358787836,-0.137670915
89.0499301,-0.359788021,-0.1378607
89.10012007,-0.360662301,-0.138050248
89.15030003,-0.361742472,-0.13823956
89.20006013,-0.362584097,-0.138428635
89.25005007,-0.363535946,-0.138617473
89.30005002,-0.365675659,-0.138806073
89.35004997,-0.366708366,-0.138994435
89.40005016,-0.36771063,-0.139182559
89.44995999,-0.368773591,-0.139370445
89.50033998,-0.370258003,-0.139558092
89.5501101,-0.371267824,-0.1397455
89.60008001,-0.373160247,-0.139932668
89.64998007,-0.374319713,-0.140119597
89.70015001,-0.375243005,-0.140306285
89.75030017,-0.376101,-0.140492733
89.80029011,-0.376925075,-0.140678941
89.85028005,-0.377808397,-0.140864907
89.90068007,-0.379940932,-0.141050632
89.95005012,-0.380876817,-0.141236115
90.00033998,-0.381856502,-0.141421356
90.05004001,-0.383096371,-0.141606355
90.10036016,-0.384124216,-0.141791111
90.15004015,-0.385073449,-0.141975625
90.20010018,-0.385987859,-0.142159895
90.25008011,-0.388356832,-0.142343921
90.30007005,-0.389209629,-0.142527704
90.35004997,-0.390049332,-0.142711242
90.40065002,-0.391059213,-0.142894536
90.45028996,-0.391840138,-0.143077585
90.50008011,-0.392652266,-0.143260389
90.55002999,-0.394800222,-0.143442947
90.59994006,-0.395780213,-0.14362526
90.65003014,-0.396721014,-0.143807326
90.70009017,-0.397692832,-0.143989146
90.75003004,-0.399023751,-0.144170719
90.80031013,-0.400017374,-0.144352046
90.85014009,-0.402145696,-0.144533125
90.90002012,-0.403728917,-0.144713956
90.94999003,-0.404772946,-0.144894539
91.00002003,-0.405742266,-0.145074874
91.05005002,-0.406692337,-0.145254961
91.10004997,-0.407966004,-0.145434798
91.15008998,-0.409957346,-0.145614387
91.20034003,-0.411026081,-0.145793725
91.25003004,-0.412192813,-0.145972815
91.30007005,-0.41366143,-0.146151653
91.35007,-0.414889488,-0.146330242
91.40004015,-0.416096133,-0.14650858
91.45005012,-0.418431915,-0.146686666
91.5002501,-0.419897053,-0.146864502
91.54992008,-0.421039232,-0.147042086
91.60002017,-0.422121019,-0.147219417
91.65026999,-0.4238657,-0.147396497
91.70003009,-0.425014512,-0.147573324
91.75002003,-0.426169808,-0.147749898
91.80000019,-0.428910086,-0.147926219
91.85025001,-0.430185668,-0.148102286
91.89995003,-0.431548788,-0.1482781
91.95023012,-0.432906644,-0.14845366
91.99998999,-0.434710185,-0.148628965
92.04997015,-0.436192518,-0.148804016
92.10021996,-0.439282081,-0.148978811
92.15015006,-0.44112835,-0.149153352
92.20050001,-0.442602368,-0.149327636
92.25024009,-0.444055116,-0.149501665
92.29995012,-0.445468099,-0.149675438
92.34999013,-0.447587802,-0.149848954
92.40026999,-0.450397104,-0.150022214
92.45020008,-0.451756777,-0.150195216
92.50027013,-0.453353768,-0.150367961
92.55023003,-0.454679397,-0.150540449
92.60022998,-0.456065978,-0.150712678
92.65013003,-0.457476826,-0.15088465
92.70015001,-0.460688932,-0.151056362
92.75014019,-0.462108261,-0.151227816
92.80016017,-0.463588166,-0.151399011
92.85011005,-0.464948536,-0.151569946
92.90039015,-0.466678467,-0.151740622
92.95012999,-0.468094355,-0.151911038
93.00008011,-0.470947713,-0.152081193
93.05025005,-0.472995476,-0.152251088
93.10014009,-0.474419537,-0.152420722
93.15012002,-0.475803395,-0.152590094
93.2000401,-0.477145441,-0.152759206
93.25005007,-0.478795548,-0.152928055
93.30013013,-0.480083503,-0.153096643
93.35022998,-0.482579719,-0.153264968
93.40011001,-0.484135026,-0.15343303
93.45005012,-0.485341503,-0.15360083
93.50028014,-0.486542864,-0.153768366
93.55002999,-0.487791951,-0.153935639
93.60002017,-0.489575807,-0.154102649
93.65004015,-0.491680994,-0.154269394
93.70002007,-0.492875869,-0.154435874
93.75002003,-0.49471823,-0.154602091
93.80001998,-0.495865081,-0.154768042
93.85002017,-0.497101132,-0.154933728
93.89997005,-0.498168992,-0.155099149
93.94995999,-0.500505915,-0.155264303
93.9999702,-0.501566756,-0.155429192
94.04992008,-0.502573314,-0.155593815
94.10012007,-0.503630313,-0.155758171
94.15004015,-0.505107136,-0.15592226
94.20028996,-0.506222481,-0.156086081
94.25015998,-0.508520135,-0.156249636
94.29999018,-0.509945172,-0.156412922
94.35027003,-0.511086791,-0.156575941
94.4000001,-0.512227981,-0.156738691
94.45001006,-0.513353251,-0.156901173
94.5,-0.515137669,-0.157063386
94.55002999,-0.517575576,-0.15722533
94.60012007,-0.518913632,-0.157387004
94.65003014,-0.520497507,-0.157548409
94.69998002,-0.521761463,-0.157709544
94.75041008,-0.523001439,-0.157870408
94.79998016,-0.52427689,-0.158031002
94.85008001,-0.527205102,-0.158191326
94.89993,-0.528647879,-0.158351378
94.95006013,-0.530051332,-0.158511159
94.9999001,-0.532231294,-0.158670668
95.05018997,-0.533634005,-0.158829905
95.10004997,-0.535101158,-0.158988871
95.15004015,-0.537242126,-0.159147563
95.19998002,-0.539807735,-0.159305984
95.24996018,-0.541268105,-0.159464131
95.30002999,-0.542754904,-0.159622005
95.34999013,-0.544554266,-0.159779605
95.39993,-0.546034092,-0.159936932
95.44998002,-0.547430929,-0.160093984
95.50009012,-0.550556688,-0.160250763
95.55007005,-0.55187949,-0.160407266
95.60001016,-0.553126203,-0.160563495
95.65004015,-0.55443018,-0.160719449
95.69997001,-0.555770144,-0.160875127
95.75003004,-0.557781562,-0.16103053
95.80042005,-0.560177941,-0.161185656
95.8499701,-0.561531479,-0.161340507
95.90002012,-0.563639815,-0.161495081
95.94984007,-0.564997221,-0.161649378
95.9999001,-0.566312625,-0.161803399
96.04982018,-0.567644607,-0.161957142
96.10073018,-0.570557121,-0.162110608
96.14998007,-0.571830954,-0.162263796
96.19997001,-0.573066707,-0.162416705
96.25022006,-0.574563661,-0.162569337
96.30000997,-0.575691554,-0.16272169
96.35003018,-0.576870345,-0.162873764
96.4000001,-0.577921339,-0.163025559
96.45003009,-0.580739634,-0.163177075
96.50001001,-0.58203994,-0.163328311
96.55000997,-0.583333016,-0.163479267
96.60001016,-0.585041418,-0.163629943
96.65039015,-0.586465742,-0.163780339
96.70003009,-0.588671521,-0.163930454
96.75002003,-0.591274975,-0.164080289
96.80022001,-0.592794989,-0.164229842
96.8499701,-0.594291132,-0.164379114
96.9000001,-0.595799105,-0.164528104
96.95000005,-0.597607452,-0.164676812
96.9999001,-0.599088421,-0.164825238
97.05006003,-0.602064092,-0.164973381
97.10003018,-0.603483499,-0.165121242
97.15005016,-0.605530378,-0.16526882
97.20003009,-0.606876778,-0.165416115
97.25004005,-0.60822086,-0.165563126
97.30000997,-0.609234037,-0.165709854
97.35005999,-0.612983824,-0.165856298
97.39991999,-0.614500968,-0.166002457
97.45003009,-0.616021564,-0.166148332
97.50004005,-0.617929588,-0.166293922
97.55004001,-0.619525965,-0.166439228
97.60003018,-0.62102129,-0.166584248
97.65105009,-0.624414357,-0.166728983
97.7000401,-0.625996018,-0.166873432
97.75001001,-0.627572461,-0.167017595
97.80000997,-0.629180672,-0.167161472
97.8500402,-0.631596177,-0.167305063
97.90004015,-0.633196526,-0.167448367
97.95006013,-0.636198929,-0.167591384
98.00004005,-0.638013023,-0.167734114
98.05004001,-0.639417763,-0.167876556
98.10002017,-0.640862889,-0.168018711
98.15006018,-0.642264198,-0.168160578
98.20007014,-0.644131523,-0.168302156
98.25005007,-0.646920688,-0.168443447
98.29992008,-0.648923297,-0.168584448
98.35003018,-0.650988899,-0.168725161
98.39993,-0.65269682,-0.168865585
98.45003009,-0.654406377,-0.16900572
98.50003004,-0.656137905,-0.169145564
98.55005002,-0.657855573,-0.169285119
98.59991002,-0.662048441,-0.169424384
98.65017009,-0.66371365,-0.169563359
98.70003009,-0.665316458,-0.169702043
98.75006008,-0.667332426,-0.169840436
98.80001998,-0.668912147,-0.169978539
98.85005999,-0.670442819,-0.17011635
98.90004015,-0.673758886,-0.170253869
98.95005012,-0.675193654,-0.170391097
99.00004005,-0.676541057,-0.170528033
99.05002999,-0.677920451,-0.170664677
99.10000014,-0.679302832,-0.170801028
99.15005016,-0.680663179,-0.170937086
99.20032001,-0.683103861,-0.171072852
99.25004005,-0.684958751,-0.171208325
99.29998016,-0.686251629,-0.171343504
99.35002017,-0.687569047,-0.171478389
99.40002012,-0.688881952,-0.171612981
99.45005012,-0.690428808,-0.171747279
99.50003004,-0.692920743,-0.171881282
99.55002999,-0.694205577,-0.172014991
99.5999701,-0.695713706,-0.172148405
99.65003014,-0.696962277,-0.172281525
99.7000401,-0.698131567,-0.172414349
99.7500701,-0.69933838,-0.172546877
99.79997015,-0.701674794,-0.17267911
99.85004997,-0.703108421,-0.172811047
99.89996004,-0.704225675,-0.172942688
99.95003009,-0.705973512,-0.173074033
99.9999702,-0.707099841,-0.173205081
100.05003,-0.708309269,-0.173335832
100.0999401,-0.709510099,-0.173466286
100.1503,-0.712117929,-0.173596443
100.19998,-0.713219654,-0.173726303
100.2499201,-0.714374527,-0.173855865
100.2999201,-0.715527137,-0.173985129
100.3499901,-0.716913842,-0.174114095
100.39996,-0.718069806,-0.174242762
100.4500501,-0.720284363,-0.174371131
100.4999402,-0.721586666,-0.174499201
100.55004,-0.722616711,-0.174626973
100.5999901,-0.723550557,-0.174754445
100.6503,-0.724557925,-0.174881617
100.7000501,-0.726122833,-0.17500849
100.7503901,-0.728110401,-0.175135063
100.7999701,-0.729133784,-0.175261336
100.8499701,-0.730363887,-0.175387309
100.8999701,-0.731507781,-0.175512981
100.94999,-0.732532131,-0.175638352
100.9999502,-0.733620603,-0.175763423
101.0504901,-0.73631335,-0.175888192
101.1000302,-0.737487387,-0.17601266
101.1502502,-0.738714232,-0.176136826
101.2000101,-0.740137485,-0.17626069
101.24998,-0.741230621,-0.176384253
101.3000002,-0.742264365,-0.176507513
101.3499701,-0.744422241,-0.176630471
101.39996,-0.746034636,-0.176753126
101.4502101,-0.747104907,-0.176875478
101.4998701,-0.748160876,-0.176997527
101.5501201,-0.749191068,-0.177119273
101.5999401,-0.750526988,-0.177240716
101.6502202,-0.751832224,-0.177361855
101.69999,-0.753495008,-0.177482689
101.75,-0.754566047,-0.17760322
101.7999802,-0.755458287,-0.177723447
101.8499901,-0.756417301,-0.177843368
101.9000001,-0.757325281,-0.177962986
101.9502602,-0.758484505,-0.178082298
101.99983,-0.760683693,-0.178201305
102.0502801,-0.761825446,-0.178320007
102.0999701,-0.763570963,-0.178438403
102.15013,-0.764751755,-0.178556493
102.19997,-0.765950151,-0.178674278
102.2502401,-0.767215766,-0.178791756
102.2999601,-0.770078027,-0.178908928
102.3499801,-0.771336647,-0.179025793
102.4002302,-0.77258995,-0.179142352
102.45015,-0.774203734,-0.179258604
102.4999502,-0.775413189,-0.179374548
102.5502601,-0.776652472,-0.179490186
102.60097,-0.779553816,-0.179605515
102.6500502,-0.780777924,-0.179720537
102.70052,-0.782023649,-0.179835251
102.75002,-0.783267153,-0.179949657
102.8004401,-0.785158394,-0.180063754
102.8499901,-0.786440466,-0.180177543
102.9000602,-0.788932814,-0.180291023
102.9500401,-0.790084522,-0.180404195
103.0001202,-0.79166505,-0.180517057
103.0501201,-0.79298666,-0.18062961
103.1001,-0.794349018,-0.180741853
103.1501801,-0.795725634,-0.180853787
103.2001801,-0.798793865,-0.18096541
103.2507601,-0.800292447,-0.181076724
103.3001201,-0.801736171,-0.181187728
103.3503802,-0.80354699,-0.181298421
103.40027,-0.805050786,-0.181408803
103.4500401,-0.806505292,-0.181518874
103.5002601,-0.808661141,-0.181628635
103.5500801,-0.811435265,-0.181738084
103.6002901,-0.812819547,-0.181847222
103.65013,-0.814224785,-0.181956048
103.7000802,-0.815935993,-0.182064562
103.7501001,-0.817335677,-0.182172765
103.80001,-0.818719389,-0.182280655
103.85022,-0.821811439,-0.182388233
103.9000602,-0.823200961,-0.182495499
103.95031,-0.824517689,-0.182602452
104.0002401,-0.825764385,-0.182709092
104.0500901,-0.827311576,-0.182815418
104.1000202,-0.828535672,-0.182921432
104.15045,-0.830934336,-0.183027132
104.19999,-0.832853864,-0.183132519
104.2500501,-0.83408689,-0.183237591
104.2999802,-0.835293252,-0.18334235
104.35022,-0.836535929,-0.183446795
104.39995,-0.837729184,-0.183550925
104.45,-0.840369335,-0.183654741
104.50003,-0.841520845,-0.183758242
104.55039,-0.842622208,-0.183861428
104.60009,-0.843963591,-0.183964299
104.6501,-0.845069717,-0.184066855
104.7000201,-0.84618512,-0.184169096
104.7500601,-0.848667806,-0.184271021
104.80002,-0.849824412,-0.18437263
104.85005,-0.850936024,-0.184473924
104.9000001,-0.851968286,-0.184574901
104.9500501,-0.853654668,-0.184675562
105.0000401,-0.854810187,-0.184775907
105.0501702,-0.856089574,-0.184875934
105.0999,-0.858115439,-0.184975646
105.1500401,-0.859095974,-0.18507504
105.19999,-0.86008695,-0.185174117
105.2500601,-0.861101031,-0.185272877
105.3001201,-0.862368572,-0.185371319
105.35044,-0.863405619,-0.185469444
105.4000502,-0.865965334,-0.185567251
105.4504001,-0.867726175,-0.18566474
105.4999101,-0.869026347,-0.185761911
105.55006,-0.870004859,-0.185858763
105.6000302,-0.871250264,-0.185955297
105.6503601,-0.873019276,-0.186051513
105.7001801,-0.875488414,-0.186147409
105.7500801,-0.876620776,-0.186242987
105.80001,-0.878118024,-0.186338246
105.8499601,-0.879357957,-0.186433185
105.9001,-0.88056839,-0.186527805
105.9501002,-0.881817474,-0.186622105
106.00034,-0.884609921,-0.186716085
106.05003,-0.885832001,-0.186809746
106.1001501,-0.887044408,-0.186903086
106.15008,-0.888361161,-0.186996106
106.2000401,-0.88996549,-0.187088806
106.2503002,-0.891267907,-0.187181185
106.3000002,-0.893767175,-0.187273244
106.35028,-0.895663085,-0.187364981
106.3999901,-0.896847607,-0.187456398
106.4502802,-0.898004852,-0.187547493
106.50015,-0.89912816,-0.187638267
106.55023,-0.900561233,-0.18772872
106.5999601,-0.901898615,-0.18781885
106.6502502,-0.90381564,-0.187908659
106.69994,-0.905230578,-0.187998146
106.74998,-0.906372188,-0.188087311
106.7999701,-0.907537705,-0.188176154
106.8503001,-0.908677683,-0.188264674
106.90028,-0.910952812,-0.188352871
106.9504001,-0.912699646,-0.188440746
106.9997802,-0.913623485,-0.188528298
107.0502901,-0.915438182,-0.188615527
107.10007,-0.916756897,-0.188702433
107.1499701,-0.917979623,-0.188789015
107.1998301,-0.91932567,-0.188875274
107.2499201,-0.922508598,-0.188961209
107.2997801,-0.923979689,-0.189046821
107.3499601,-0.925456593,-0.189132108
107.4001801,-0.926877048,-0.189217072
107.44995,-0.928836868,-0.189301711
107.4999602,-0.930423885,-0.189386026
107.5499301,-0.933686281,-0.189470016
107.5999,-0.936129334,-0.189553682
107.64996,-0.937763134,-0.189637023
107.7002101,-0.938988515,-0.189720039
107.7499502,-0.940677411,-0.18980273
107.8001802,-0.943181934,-0.189885096
107.8499901,-0.946482685,-0.189967136
107.8998902,-0.948159177,-0.190048851
107.94998,-0.950190969,-0.19013024
107.9999402,-0.951770113,-0.190211303
108.05002,-0.953210917,-0.190292041
108.0999701,-0.954721102,-0.190372452
108.1500101,-0.959174975,-0.190452537
108.2000301,-0.961067491,-0.190532296
108.2500901,-0.963038142,-0.190611729
108.2999902,-0.966118749,-0.190690834
108.3503501,-0.968031546,-0.190769614
108.4000401,-0.969918529,-0.190848066
108.4500701,-0.971961771,-0.190926191
108.50001,-0.976322551,-0.191003989
108.5499601,-0.97827408,-0.19108146
108.6001401,-0.980112779,-0.191158603
108.65029,-0.98199454,-0.191235419
108.70013,-0.984292821,-0.191311907
108.7499201,-0.986160244,-0.191388067
108.7999401,-0.989954642,-0.1914639
108.8503101,-0.992401987,-0.191539404
108.9002001,-0.993951445,-0.19161458
108.9500401,-0.995631575,-0.191689428
109.00015,-0.997723503,-0.191763947
109.0501101,-1.000776552,-0.191838138
109.1004801,-1.004764487,-0.191912
109.1500001,-1.006804813,-0.191985533
109.19994,-1.00927951,-0.192058737
109.2502601,-1.011282442,-0.192131612
109.2999501,-1.013300766,-0.192204158
109.3500001,-1.015292543,-0.192276375
109.3999801,-1.01992933,-0.192348262
109.45032,-1.022022167,-0.192419819
109.4999201,-1.024019153,-0.192491047
109.5501201,-1.026401325,-0.192561945
109.60009,-1.028248228,-0.192632513
109.6503701,-1.030110559,-0.192702751
109.7000501,-1.034592749,-0.192772659
109.7506101,-1.036453161,-0.192842237
109.80002,-1.038402635,-0.192911484
109.8499501,-1.040392766,-0.1929804
109.9000401,-1.042766305,-0.193048986
109.9500802,-1.044772983,-0.193117241
110.00002,-1.047686445,-0.193185165
110.05004,-1.050625767,-0.193252758
110.09991,-1.053106353,-0.19332002
110.1500502,-1.055048523,-0.193386951
110.2000301,-1.056975081,-0.193453551
110.2500901,-1.058918953,-0.193519818
110.30003,-1.061302634,-0.193585755
110.3501201,-1.065115254,-0.193651359
110.3999002,-1.067047163,-0.193716632
110.44999,-1.070005805,-0.193781573
110.50003,-1.072048897,-0.193846182
110.5499301,-1.074294064,-0.193910459
110.6000402,-1.076649477,-0.193974403
110.6499901,-1.081792287,-0.194038015
110.7000501,-1.0842436,-0.194101295
110.75021,-1.086494272,-0.194164242
110.8001201,-1.089293319,-0.194226856
110.85008,-1.091449554,-0.194289137
110.9000401,-1.093624154,-0.194351086
110.9509101,-1.098228602,-0.194412702
111.00002,-1.100137272,-0.194473984
111.0499201,-1.102039869,-0.194534933
111.09989,-1.1039057,-0.194595549
111.1501801,-1.106642792,-0.194655832
111.1999102,-1.108528172,-0.194715781
111.2500801,-1.112101466,-0.194775396
111.30003,-1.114305716,-0.194834677
111.3500102,-1.115982686,-0.194893625
111.4002402,-1.117680121,-0.194952239
111.4500601,-1.119437796,-0.195010519
111.5002301,-1.12107663,-0.195068464
111.5501702,-1.123449212,-0.195126075
111.5999801,-1.126172618,-0.195183352
111.65027,-1.127763881,-0.195240295
111.69996,-1.129790937,-0.195296903
111.7502601,-1.131460373,-0.195353176
111.80024,-1.133141161,-0.195409115
111.8500001,-1.134817835,-0.195464719
111.89996,-1.13909237,-0.195519988
111.95047,-1.140728909,-0.195574921
112.0002501,-1.142505667,-0.19562952
112.0501602,-1.144661359,-0.195683784
112.10025,-1.146545861,-0.195737712
112.1500101,-1.148393365,-0.195791305
112.2002501,-1.152673073,-0.195844562
112.25003,-1.154490073,-0.195897484
112.3002501,-1.156395492,-0.19595007
112.3499701,-1.158227569,-0.19600232
112.40013,-1.160521377,-0.196054235
112.4499002,-1.162342115,-0.196105814
112.5002401,-1.165903765,-0.196157056
112.55001,-1.168519939,-0.196207963
112.6000202,-1.170342944,-0.196258533
112.64992,-1.172084639,-0.196308767
112.7002301,-1.173720886,-0.196358664
112.7500901,-1.175877992,-0.196408226
112.8002501,-1.179049339,-0.19645745
112.8500202,-1.180836807,-0.196506338
112.8999801,-1.182917957,-0.196554889
112.9500101,-1.184722087,-0.196603104
113,-1.186575789,-0.196650982
113.0502601,-1.188394475,-0.196698522
113.1000302,-1.192491331,-0.196745726
113.1500101,-1.194360805,-0.196792592
113.2002501,-1.19607867,-0.196839122
113.2500601,-1.197817851,-0.196885314
113.30023,-1.200517378,-0.196931168
113.35045,-1.202496691,-0.196976686
113.4000201,-1.204169754,-0.197021865
113.44995,-1.208148683,-0.197066707
113.5002401,-1.209848944,-0.197111212
113.5504401,-1.211690179,-0.197155379
113.6001201,-1.213725678,-0.197199207
113.65031,-1.215980134,-0.197242698
113.7006302,-1.219182276,-0.197285851
113.75017,-1.221497017,-0.197328666
113.80005,-1.22365655,-0.197371143
113.8499901,-1.225401209,-0.197413282
113.9003201,-1.227081053,-0.197455082
113.94998,-1.228738051,-0.197496544
114.0000501,-1.2311036,-0.197537668
114.05003,-1.234188747,-0.197578453
114.09991,-1.235695588,-0.1976189
114.1501501,-1.237515564,-0.197659008
114.19996,-1.239009526,-0.197698777
114.2500901,-1.240389497,-0.197738208
114.3001201,-1.241763214,-0.1977773
114.3507402,-1.244554915,-0.197816053
114.4001,-1.245751194,-0.197854467
114.4500401,-1.246871119,-0.197892542
114.5005901,-1.247951519,-0.197930277
114.55007,-1.249339441,-0.197967674
114.6003702,-1.25033378,-0.198004732
114.6500201,-1.252344753,-0.19804145
114.7003701,-1.253841677,-0.198077829
114.75001,-1.254912495,-0.198113868
114.7999001,-1.25596723,-0.198149568
114.8501101,-1.257148084,-0.198184929
114.90009,-1.258711996,-0.198219949
114.95017,-1.261197746,-0.198254631
115.00001,-1.262319815,-0.198288972
115.0499601,-1.264037981,-0.198322974
115.0999701,-1.265211647,-0.198356636
115.15029,-1.266765203,-0.198389958
115.19998,-1.268019323,-0.19842294
115.2500801,-1.269878371,-0.198455582
115.30006,-1.272810551,-0.198487885
115.3500102,-1.274264049,-0.198519847
115.3999901,-1.276502066,-0.198551468
115.4500101,-1.278099341,-0.19858275
115.5000401,-1.279436581,-0.198613691
115.55004,-1.280897732,-0.198644292
115.60005,-1.283830893,-0.198674553
115.6501801,-1.285076512,-0.198704473
115.69998,-1.286436252,-0.198734053
115.7502401,-1.288051629,-0.198763292
115.8000901,-1.289683888,-0.198792191
115.8500102,-1.291293312,-0.198820749
115.9000201,-1.294788363,-0.198848967
115.9498701,-1.296933943,-0.198876843
116.0002801,-1.298555141,-0.198904379
116.0502601,-1.300175036,-0.198931574
116.1000102,-1.301719597,-0.198958428
116.14991,-1.303743368,-0.198984942
116.2002602,-1.306383806,-0.199011114
116.2499702,-1.307748305,-0.199036945
116.2999802,-1.309384762,-0.199062436
116.35005,-1.310763713,-0.199087585
116.39996,-1.311893291,-0.199112393
116.45032,-1.313289625,-0.19913686
116.50015,-1.315858872,-0.199160986
116.55002,-1.316988181,-0.19918477
116.6001401,-1.318074459,-0.199208213
116.65028,-1.319540968,-0.199231315
116.69999,-1.32071327,-0.199254075
116.75002,-1.32182497,-0.199276494
116.80023,-1.323664162,-0.199298572
116.8499901,-1.32581071,-0.199320308
116.8998802,-1.326594786,-0.199341702
116.9498,-1.327653524,-0.199362755
117.00002,-1.328409,-0.199383467
117.0499501,-1.329225737,-0.199403836
117.1000102,-1.329564974,-0.199423865
117.1499701,-1.330728982,-0.199443551
117.19998,-1.331182775,-0.199462895
117.2503002,-1.331609637,-0.199481898
117.3002501,-1.331974841,-0.199500559
117.3500302,-1.332561097,-0.199518878
117.40046,-1.332687409,-0.199536856
117.4509401,-1.333057591,-0.199554491
117.5003002,-1.333449123,-0.199571785
117.54989,-1.333870493,-0.199588736
117.60027,-1.334201017,-0.199605346
117.65009,-1.334579836,-0.199621613
117.7002501,-1.334955661,-0.199637539
117.75001,-1.335796681,-0.199653122
117.80003,-1.336173289,-0.199668363
117.8501701,-1.336376537,-0.199683262
117.90026,-1.336666135,-0.199697819
117.95014,-1.336874049,-0.199712034
118.00003,-1.336976833,-0.199725907
118.0501301,-1.336977424,-0.199739437
118.0999801,-1.336969965,-0.199752626
118.1502502,-1.336734055,-0.199765471
118.2002702,-1.336509212,-0.199777975
118.2502801,-1.336092156,-0.199790136
118.3002701,-1.335761909,-0.199801955
118.3500001,-1.335438469,-0.199813432
118.4002402,-1.334883094,-0.199824566
118.4502602,-1.334565094,-0.199835358
118.5002401,-1.334244594,-0.199845807
118.5499401,-1.333828968,-0.199855914
118.6004901,-1.33342173,-0.199865679
118.65029,-1.332931203,-0.199875101
118.70051,-1.332615218,-0.19988418
118.7502701,-1.332156055,-0.199892917
118.8002501,-1.331955432,-0.199901312
118.85041,-1.331715115,-0.199909364
118.90049,-1.331499063,-0.199917074
118.95029,-1.331088426,-0.199924441
119.0004802,-1.3302386,-0.199931465
119.05004,-1.329994467,-0.199938147
119.10026,-1.32952216,-0.199944486
119.1503,-1.329060842,-0.199950483
119.2002501,-1.328474474,-0.199956137
119.2502601,-1.328032408,-0.199961448
119.30056,-1.326569445,-0.199966417
119.35006,-1.325829792,-0.199971043
119.4000201,-1.32514191,-0.199975326
119.4500201,-1.324275824,-0.199979267
119.50003,-1.323054974,-0.199982866
119.5499601,-1.322097251,-0.199986121
119.6002102,-1.320447349,-0.199989034
119.6500001,-1.318976417,-0.199991604
119.7002802,-1.317925484,-0.199993832
119.7500701,-1.316887727,-0.199995716
119.7999902,-1.315662637,-0.199997258
119.84993,-1.314162554,-0.199998458
119.9000301,-1.312817859,-0.199999315
119.9500601,-1.310220482,-0.199999829
120.00034,-1.308730137,-0.2
